0MinReturn,LossAfter,0AveragePolicyStd,1AveragePolicyStd,1ProcessExecTime,1EnvExecTime,0Entropy,1PolicyExecTime,ComputeUpdatedDistTime,ItrTime,1Entropy,0ExplainedVariance,1Perplexity,1MinReturn,0AverageReturn,1StdReturn,0Perplexity,0PolicyExecTime,MeanKL,0StdReturn,0MaxReturn,1MaxReturn,0EnvExecTime,0NumTrajs,Time,LossBefore,0ProcessExecTime,MeanKLBefore,1NumTrajs,dLoss,1ExplainedVariance,1AverageReturn
-50.0,-0.00025963119696825743,1.0,1.000373,0.42757725715637207,92.36505842208862,5.675753,9.938191175460815,64.01343560218811,357.9197790622711,5.677192,0.996213946405259,292.12805,-50.0,-49.53,2.061528559103657,291.70795,1.96077561378479,0.006900825537741184,1.3300751858447704,-41.0,-29.0,91.72006702423096,800,357.9197688102722,-4.5672066129043287e-10,0.4717447757720947,0.0,800,0.00025963074024759614,0.9897942934168988,-49.26
-50.0,-0.0022050447296351194,0.9992581,0.99967986,0.4615445137023926,92.45893883705139,5.6726675,10.645200729370117,0.9815950393676758,208.51653265953064,5.6742883,0.9968681351827053,291.28094,-50.0,-49.57375,1.5271521698900867,290.80923,1.312736988067627,0.006235308013856411,1.2716371092021497,-40.0,-37.0,92.47513151168823,800,566.4407148361206,-1.7911195859809936e-09,0.51200270652771,0.0,800,0.0022050429385155335,0.9953434827539701,-49.5175
-50.0,-0.00015058826829772443,1.0060939,1.0063674,0.45992064476013184,93.45178389549255,5.699432,10.508307456970215,1.041391372680664,210.78661012649536,5.700492,0.9897711954675139,299.01447,-50.0,-49.305,2.0862792089027775,298.69766,1.3228187561035156,0.001137115410529077,2.1329498353219654,-27.0,-28.0,93.25142693519592,800,777.2316191196442,1.972913832304357e-09,0.5759234428405762,0.0,800,0.00015059024121155673,0.990289705715669,-49.22625
-50.0,-1.6579642760916613e-05,1.0043648,1.0044862,0.458698034286499,93.70146250724792,5.692739,10.278634309768677,1.0287158489227295,211.7810401916504,5.6932273,0.9925931196893341,296.8501,-50.0,-49.35375,2.0204810689536292,296.7052,1.3754503726959229,0.0003030254738405347,1.8624207197891673,-37.0,-31.0,93.49323296546936,800,989.0159583091736,7.137656021782846e-10,0.5956301689147949,0.0,800,1.658035652651879e-05,0.9897309634285001,-49.3125
-50.0,-0.0020173739176243544,1.004484,1.0049655,0.4628438949584961,93.50318002700806,5.6931458,10.212650299072266,1.0481884479522705,210.78227066993713,5.6949944,0.9941879463009768,297.37515,-50.0,-49.4575,1.7219157209340996,296.8259,1.3593778610229492,0.006469418294727802,1.5916010021358997,-35.0,-36.0,93.55543541908264,800,1199.8016262054443,1.665949822537982e-09,0.5877406597137451,0.0,800,0.002017375583574177,0.9932829839169075,-49.3775
-50.0,-0.002796123968437314,0.99827784,0.9976043,0.4605987071990967,93.52457237243652,5.6681113,11.259552717208862,1.0051665306091309,211.63297724723816,5.665324,0.9915589666863038,288.68155,-50.0,-49.2575,1.7582590821605328,289.48727,1.403937816619873,0.006640735547989607,2.046629851731866,-34.0,-33.0,93.64478635787964,800,1411.4379544258118,-1.3530254694416044e-09,0.5860130786895752,0.0,800,0.0027961226154118446,0.9937028758531018,-49.395
-50.0,-0.0006139495526440442,0.99943405,0.999615,0.46251916885375977,92.53245067596436,5.6716757,10.688122272491455,1.011350154876709,207.98182678222656,5.6722727,0.9920795167466512,290.69443,-50.0,-49.26,1.9212101492288656,290.52094,1.3834147453308105,0.006837222259491682,1.85469674070992,-34.0,-36.0,91.49901580810547,800,1619.4230599403381,1.3858078573569799e-10,0.5889160633087158,0.0,800,0.0006139496912248299,0.990213965649034,-49.27875
-50.0,-0.002600915264338255,1.0038205,1.0038866,0.4628736972808838,90.56305027008057,5.689288,10.56605577468872,1.0196664333343506,205.7001233100891,5.689487,0.9937903163987758,295.74185,-50.0,-49.36625,1.8555318476113527,295.68307,1.436448335647583,0.007510100491344929,1.7035583164365111,-37.0,-32.0,91.09271168708801,800,1825.1268055438995,2.1383166348698524e-09,0.6133294105529785,0.0,800,0.00260091740265489,0.9916725165536486,-49.30125
-50.0,-0.007001246325671673,1.0066439,1.0074639,0.4574410915374756,91.75678968429565,5.701093,10.82964015007019,0.9909367561340332,208.51322960853577,5.7042384,0.9887482905406082,300.1368,-50.0,-49.215,2.226934201430298,299.1943,1.488029956817627,0.008270603604614735,2.1163116500175487,-33.0,-31.0,92.57085490226746,800,2033.6433281898499,1.9371512727239804e-10,0.6077821254730225,0.0,800,0.0070012465193868,0.9866106056236014,-49.08375
-50.0,-0.0014962314162403345,1.0082437,1.0077192,0.4612617492675781,92.51031231880188,5.706582,10.744723558425903,1.0042572021484375,209.51818799972534,5.7044497,0.9877387873573493,300.20023,-50.0,-49.04375,2.2712300494445734,300.84106,1.4871454238891602,0.006873538251966238,2.1492640455514067,-32.0,-33.0,93.17138838768005,800,2243.1658747196198,3.1173228443037715e-09,0.6060185432434082,0.0,800,0.0014962345335631788,0.9864591685551005,-49.01625
-50.0,-0.003643778618425131,1.0115845,1.0112586,0.46256232261657715,93.03577256202698,5.719638,10.854006052017212,0.9981513023376465,210.78841853141785,5.7182994,0.9802952184772921,304.38684,-50.0,-48.71,2.399953124542227,304.79453,1.4639241695404053,0.006470106542110443,2.777300847945717,-32.0,-35.0,93.66959142684937,800,2453.9583809375763,-1.4722346675100084e-09,0.6013693809509277,0.0,800,0.0036437771461904633,0.9853883836714973,-48.765
-50.0,-0.004687259439378977,1.0153064,1.0148423,0.4575529098510742,92.97245144844055,5.73372,10.917702674865723,1.0289556980133057,211.47103118896484,5.7318025,0.9834138488922273,308.52487,-50.0,-48.745,2.8470683935409773,309.117,1.4752304553985596,0.006054350640624762,2.582629474005127,-33.0,-21.0,94.4398581981659,800,2665.4327685832977,9.685754420729609e-10,0.5982403755187988,0.0,800,0.004687260407954419,0.978140771128067,-48.45875
-50.0,-0.004400522448122501,1.017231,1.0169774,0.45726490020751953,94.0386655330658,5.7413855,11.964309453964233,1.027160406112671,215.14683842658997,5.7403917,0.9839046145412446,311.18628,-50.0,-48.59625,2.9780968650297455,311.49567,1.4878575801849365,0.006477316375821829,2.652024874977608,-28.0,-31.0,95.68431854248047,800,2880.583884239197,-5.349516385422248e-10,0.6130011081695557,0.0,800,0.004400521913170863,0.9754414404088417,-48.37375
-50.0,-0.0031864114571362734,1.019148,1.0191984,0.4606800079345703,95.35524582862854,5.748777,10.725633382797241,1.0128812789916992,216.2483470439911,5.7490263,0.9800878754266783,313.8849,-50.0,-48.58875,3.366711117693349,313.8066,1.4316749572753906,0.004263116978108883,2.8385072551430977,-33.0,-24.0,97.04590177536011,800,3096.8355774879456,2.284348044057083e-09,0.5999362468719482,0.0,800,0.0031864137414843174,0.9677658187693063,-47.9475
-50.0,-0.0028371834196150303,1.0198839,1.0194813,0.44906187057495117,94.23892426490784,5.7515745,10.692412614822388,0.9889090061187744,215.77400422096252,5.7499776,0.9764746594549556,314.18362,-50.0,-48.3625,3.5651227187854277,314.68576,1.4551782608032227,0.0036405788268893957,2.9759189757115365,-29.0,-22.0,97.66338586807251,800,3312.6140654087067,6.906687444185877e-10,0.6128051280975342,0.0,800,0.0028371841102837747,0.9638415138781106,-47.82
-50.0,-0.004357221536338329,1.020439,1.0200363,0.45186591148376465,94.28386282920837,5.753665,10.869315147399902,0.9768846035003662,215.80882954597473,5.752058,0.9822477285063294,314.83795,-50.0,-48.64125,3.3306821748704873,315.34427,1.4546723365783691,0.006993507966399193,2.5898935185640353,-31.0,-28.0,97.77690100669861,800,3528.426206111908,-7.502734544750922e-10,0.6026279926300049,0.0,800,0.004357220786064875,0.9688758548233579,-47.7675
-50.0,-0.001975511433556676,1.0248901,1.0248986,0.4527628421783447,96.07736682891846,5.7715883,10.94718074798584,1.0095510482788086,218.69923090934753,5.7716174,0.9794502379969129,321.05658,-50.0,-48.40125,4.181085385399347,321.04724,1.4546031951904297,0.0054029664024710655,2.8557395605166795,-27.0,-22.0,98.43398523330688,800,3747.130057811737,-1.1622906803676614e-10,0.6014416217803955,0.0,800,0.001975511317327608,0.9506188578490613,-47.395
-50.0,-0.004090677015483379,1.0292931,1.0290927,0.4470963478088379,96.5994975566864,5.789731,10.91344952583313,1.0847938060760498,219.8469693660736,5.7889943,0.9854261788407483,326.68433,-50.0,-48.75,4.076812480357663,326.92508,1.413236141204834,0.005340341944247484,2.593260495977988,-25.0,-25.0,99.1280996799469,800,3966.980613231659,-1.6093254506799326e-09,0.5993943214416504,0.0,800,0.004090675406157929,0.9549769414660645,-47.36
-50.0,-0.0015456894179806113,1.0343549,1.0343672,0.4459230899810791,98.30166697502136,5.809959,11.033971309661865,1.012617826461792,222.70645189285278,5.810038,0.9812905098469825,333.63184,-50.0,-48.50875,4.958719592798125,333.60544,1.413968801498413,0.004784006159752607,2.9444733718442757,-28.0,-18.0,100.25592565536499,800,4189.690469503403,-2.9593707484565357e-09,0.5944724082946777,0.0,800,0.0015456864586098629,0.9377135193719857,-46.94
-50.0,-0.005063041113317013,1.0400866,1.0401301,0.44901227951049805,97.47734022140503,5.831956,10.952146291732788,1.0036065578460693,222.0129475593567,5.832137,0.9903208962296662,341.08685,-50.0,-48.96625,4.525207177577619,341.02505,1.473034381866455,0.006376183126121759,2.1024059877911307,-34.0,-18.0,100.43291354179382,800,4411.7067885398865,2.0049513160813603e-09,0.6075911521911621,0.0,800,0.005063043118268329,0.9470485645059934,-47.05
-50.0,-0.0032643876038491726,1.0444087,1.0447806,0.4445502758026123,96.59698796272278,5.849002,11.288559436798096,0.999114990234375,222.02897453308105,5.85041,0.976402576393123,347.37677,-50.0,-48.4625,4.68169290294654,346.88797,1.4629685878753662,0.005402899347245693,3.135058811250596,-23.0,-19.0,101.04008150100708,800,4633.740297794342,7.674098023713327e-10,0.604996919631958,0.0,800,0.003264388371258975,0.9420692525187457,-46.79875
-50.0,-0.002538071246817708,1.0481917,1.0477525,0.45220255851745605,97.14674067497253,5.863412,11.384623765945435,2.0758986473083496,222.43387174606323,5.861742,0.9719644974628994,351.33563,-50.0,-47.98625,4.664758836210078,351.92282,1.4628431797027588,0.0049454523250460625,3.5402769577393234,-28.0,-17.0,99.54993391036987,800,4856.178770542145,-2.267956933366122e-09,0.6100056171417236,0.0,800,0.0025380689788607746,0.942474402292587,-46.755
-50.0,-0.000700276461429894,1.0455474,1.0454612,0.45227742195129395,97.31681108474731,5.8527994,11.52927851676941,0.9930441379547119,221.74501419067383,5.852501,0.9799034560985869,348.10388,-50.0,-48.535,4.577067668005357,348.2078,1.4946389198303223,0.006086722016334534,3.0840355056321904,-25.0,-21.0,99.61015439033508,800,5077.927257061005,3.039836826701503e-09,0.6136012077331543,0.0,800,0.0007002795012667207,0.945291477697734,-46.47875
-50.0,-0.004186815116554499,1.0521252,1.0515771,0.44719505310058594,95.1922857761383,5.8782196,11.125717163085938,1.0297114849090576,218.699476480484,5.876111,0.9646818296699275,356.42044,-50.0,-47.92375,4.4273607756201665,357.17276,1.4579360485076904,0.008411657996475697,3.780599944122626,-19.0,-27.0,99.09855818748474,800,5296.631148815155,1.4837832074121593e-09,0.6046206951141357,0.0,800,0.004186816600337706,0.9454343516984214,-46.46875
-50.0,-0.004980810917913914,1.0539085,1.0542996,0.4470508098602295,96.89770865440369,5.884985,11.304039478302002,0.9999480247497559,221.85469555854797,5.8864627,0.9735612879609402,360.12915,-50.0,-48.37375,4.640655765891282,359.59735,1.4589993953704834,0.0072062574326992035,3.4740554021920835,-17.0,-24.0,100.51863145828247,800,5518.48920416832,4.321338772927952e-11,0.6080837249755859,0.0,800,0.0049808109611273015,0.945278612264195,-46.66375
-50.0,-0.0014987513422966003,1.0571921,1.057158,0.44348621368408203,96.60798716545105,5.8972726,11.509900093078613,1.0053141117095947,223.5744390487671,5.8970685,0.9839383581366725,363.96893,-50.0,-48.6275,5.137721862606033,364.0432,1.4522879123687744,0.004193214233964682,2.7200631886042643,-30.0,-19.0,102.31472253799438,800,5742.067125082016,-1.9565224995687913e-09,0.6122050285339355,0.0,800,0.0014987493857741008,0.9339841181161975,-46.22375
-50.0,-0.004528054501861334,1.0581625,1.0580993,0.4530761241912842,96.50785756111145,5.900629,11.58769416809082,0.9884786605834961,222.96248984336853,5.9003215,0.9796659860819564,365.15485,-50.0,-48.40125,4.881178136474841,365.26715,1.4946582317352295,0.005060646217316389,3.0520891922583124,-27.0,-21.0,101.72983193397522,800,5965.032969713211,-4.1976568887491794e-09,0.6325399875640869,0.0,800,0.004528050304204445,0.9337042950465261,-46.29
-50.0,-0.004152675159275532,1.0583117,1.0579293,0.4492037296295166,96.07182908058167,5.9011965,11.46345829963684,1.056208848953247,222.74874591827393,5.899681,0.9727131008608786,364.92108,-50.0,-48.0175,5.145043731592571,365.4745,1.4562480449676514,0.008565226569771767,3.5506610300055397,-18.0,-23.0,102.02834868431091,800,6187.7850689888,-2.673268273412077e-09,0.6127924919128418,0.0,800,0.004152672486007258,0.9262063171656307,-45.605
-50.0,-0.00011719272879417986,1.0596192,1.0597241,0.4423344135284424,96.65283942222595,5.9060493,11.558601379394531,0.9821436405181885,224.625572681427,5.9063587,0.9853473540115394,367.36603,-50.0,-48.42,5.302445043326711,367.25235,1.4658989906311035,0.008428364992141724,2.7501999927278016,-25.0,-16.0,103.39909648895264,800,6412.41396355629,-3.4719707664443433e-10,0.6127901077270508,0.0,800,0.00011719238159710321,0.921392378897717,-45.30875
-50.0,-0.006899991072714329,1.0550845,1.0545999,0.4544861316680908,97.00622820854187,5.889173,11.540288209915161,1.0463511943817139,222.6903998851776,5.887277,0.9718653270232965,360.42258,-50.0,-48.20375,5.024365476107406,361.10654,1.444854974746704,0.00961112231016159,3.565071659518221,-24.0,-18.0,101.01194429397583,800,6635.107624053955,-4.010647369767639e-09,0.6029016971588135,0.0,800,0.006899987062066959,0.9307046938643772,-45.76125
-50.0,-0.002827238291501999,1.0519227,1.0521038,0.44681525230407715,97.092453956604,5.876915,11.660019636154175,2.254237174987793,224.64966821670532,5.8774834,0.9558411170083528,356.9099,-50.0,-47.43125,5.657746901373372,356.7071,1.496976375579834,0.005854365415871143,4.530206776461754,-18.0,-17.0,101.47602677345276,800,6859.760651350021,1.014769046570052e-09,0.6135821342468262,0.0,800,0.0028272393062710455,0.9170528118859079,-45.07
-50.0,-0.0008531425264663994,1.0485288,1.0486292,0.4433629512786865,97.88668179512024,5.8641596,11.69660234451294,1.0088446140289307,225.0483524799347,5.8644557,0.9561650323545663,352.29034,-50.0,-47.56125,5.380004065983594,352.18604,1.4680702686309814,0.004082511644810438,4.495692208937351,-15.0,-17.0,102.17932868003845,800,7084.812381744385,1.1458991533430662e-09,0.6206865310668945,0.0,800,0.0008531436723655528,0.9304153621020326,-45.6675
-50.0,-0.0007267174660228193,1.0526183,1.0525564,0.4414386749267578,98.40121865272522,5.8796163,11.885677337646484,1.0066454410552979,226.21346926689148,5.8793306,0.962380521121813,357.56982,-50.0,-47.96125,6.6949504059029445,357.67197,1.486417293548584,0.0036259356420487165,4.372041678380937,-20.0,-9.0,102.85633563995361,800,7311.030365228653,-1.8671155732619127e-09,0.6151916980743408,0.0,800,0.000726715598907246,0.9029485086814671,-44.85375
-50.0,-0.00011134706437587738,1.0563419,1.0569235,0.45036840438842773,98.16265201568604,5.8933687,12.061915636062622,1.015549898147583,226.77597546577454,5.895447,0.9633133660113585,363.37915,-50.0,-47.7775,6.101880345434512,362.62482,1.5178635120391846,0.00894760712981224,4.325562824650683,-20.0,-12.0,103.22836303710938,800,7537.810702323914,1.0684131357407978e-09,0.6189806461334229,0.0,800,0.00011134813278901312,0.9188969772680192,-45.6925
-50.0,-0.002345113083720207,1.0606359,1.0611931,0.44080424308776855,100.43134474754333,5.9091797,11.831261157989502,0.9943163394927979,229.12206053733826,5.9112105,0.9658418385785689,369.15277,-50.0,-48.04375,6.742300122176407,368.40384,1.4934308528900146,0.0041910577565431595,4.244624357643442,-21.0,-11.0,103.78509902954102,800,7766.936081171036,7.748603425561384e-10,0.6166384220123291,0.0,800,0.0023451138585805498,0.917025781292558,-45.83375
-50.0,-0.0022564739920198917,1.0641315,1.0638976,0.43867063522338867,99.416419506073,5.92186,11.951934337615967,1.0385425090789795,227.91302347183228,5.920848,0.9606848684536713,372.7276,-50.0,-48.0225,5.913602434218926,373.10513,1.4507875442504883,0.004405311308801174,4.496887117773805,-20.0,-15.0,103.1932680606842,800,7994.852419614792,-1.7166137400437265e-09,0.6129372119903564,0.0,800,0.0022564722754061517,0.932048156277236,-46.0425
-50.0,-0.004855949431657791,1.0656015,1.0660446,0.4359414577484131,100.78000116348267,5.9272614,11.81383490562439,1.0006909370422363,230.12009572982788,5.9287987,0.9728674821198281,375.7029,-50.0,-48.2425,6.2032123734400715,375.12576,1.4993209838867188,0.006215357221662998,3.8139472662846297,-17.0,-7.0,104.37584567070007,800,8224.975937843323,1.9222516633998765e-10,0.6188380718231201,0.0,800,0.0048559496238829575,0.9234334294646789,-46.2125
-50.0,-0.0033998347353190184,1.0781204,1.0784994,0.45299267768859863,101.37477850914001,5.972564,12.27139401435852,0.9732780456542969,231.58002066612244,5.9738774,0.9520596691631567,393.02664,-50.0,-47.46,7.583221198804634,392.51086,1.432708740234375,0.002691426547244191,4.983562982445391,-17.0,-8.0,104.866854429245,800,8456.561086416245,-1.2025237472457206e-09,0.6064915657043457,0.0,800,0.003399833532795271,0.8948341853459805,-44.9525
-50.0,-0.0041100322268903255,1.0732249,1.0733722,0.4517028331756592,101.36378860473633,5.9551396,12.455045461654663,1.006256341934204,231.98726606369019,5.9555416,0.951305691595585,385.88586,-50.0,-47.26875,7.017955097462508,385.73077,1.479452133178711,0.0063041518442332745,4.998152002240428,-19.0,-14.0,104.961345911026,800,8688.551676273346,-4.5597547959630447e-10,0.6256334781646729,0.0,800,0.004110031770914846,0.904982610234027,-45.0575
-50.0,-0.005805268883705139,1.0792725,1.0796038,0.4409501552581787,100.44927978515625,5.9771338,12.517858266830444,1.0258972644805908,231.13628816604614,5.978189,0.9552674566604974,394.72488,-50.0,-47.495,7.119150120449771,394.30856,1.457641839981079,0.008288494311273098,4.872625062530463,-15.0,-13.0,104.95557808876038,800,8919.69133901596,1.3373794294224695e-09,0.6212704181671143,0.0,800,0.005805270221084569,0.8881148579051622,-44.22125
-50.0,-0.004349328111857176,1.0843334,1.0848776,0.4491448402404785,100.6654269695282,5.9958963,12.465181350708008,2.4414255619049072,232.2656614780426,5.997716,0.9496190823893113,402.5084,-50.0,-47.2325,7.6995028248582384,401.77664,1.506577491760254,0.009925912134349346,5.0858572286292105,-19.0,-8.0,104.41598510742188,800,9151.960301160812,-1.6316763218338082e-10,0.6336896419525146,0.0,800,0.004349327948689544,0.879753488160463,-44.5125
-50.0,-0.0040774536319077015,1.0898178,1.0903598,0.4517843723297119,101.7043251991272,6.016047,12.642184495925903,1.0246191024780273,232.11130738258362,6.018039,0.9452111393090303,410.77237,-50.0,-47.375,7.487304984939508,409.95483,1.4651143550872803,0.005146146286278963,5.309366723065944,-16.0,-11.0,104.50224232673645,800,9384.075007677078,-2.072751525972194e-09,0.6109848022460938,0.0,800,0.0040774515591561755,0.8912446825025176,-44.79625
-50.0,-0.0025582548696547747,1.0958346,1.0958127,0.4446594715118408,101.01637315750122,6.036689,12.445612907409668,1.034956932067871,231.7980659008026,6.0364914,0.9481020908214786,418.42236,-50.0,-47.17125,7.719540850173669,418.50497,1.5071814060211182,0.008005917072296143,5.40110390915598,-9.0,-10.0,104.98669290542603,800,9615.877698898315,-1.1816619904791992e-09,0.623422384262085,0.0,800,0.002558253687992784,0.8851427501150704,-44.08625
-50.0,-0.0006700350786559284,1.0901717,1.0905151,0.4507572650909424,102.43590235710144,6.0171137,12.913875818252563,1.0106751918792725,233.56981205940247,6.0183597,0.9322617126921715,410.90402,-50.0,-46.76625,8.38560671627283,410.39236,1.4875853061676025,0.007446101401001215,6.434408359554124,-10.0,-8.0,104.91245198249817,800,9849.45087146759,6.30319130223711e-10,0.6293113231658936,0.0,800,0.0006700357089750586,0.8803648458084912,-44.46
-50.0,-0.0020823106169700623,1.1027716,1.103319,0.4464552402496338,102.39561891555786,6.062287,12.73644471168518,1.021848201751709,233.85620594024658,6.064204,0.9333699508829312,430.1802,-50.0,-46.99625,8.394603828501975,429.3562,1.5129389762878418,0.0032747527584433556,6.087383340771304,-9.0,-5.0,105.52548670768738,800,10083.31061244011,3.412367333144317e-10,0.6328158378601074,0.0,800,0.0020823109582067956,0.8856325589994686,-44.75125
-50.0,-0.0010547172278165817,1.097317,1.0968797,0.44975876808166504,102.52891206741333,6.0425496,13.102006196975708,1.0621311664581299,234.67612886428833,6.041028,0.9524080723653999,420.32492,-50.0,-47.1475,7.552556582873113,420.96497,1.4974684715270996,0.007534616161137819,5.1667924043839815,-19.0,-14.0,105.41329193115234,800,10317.991100549698,1.2785195124820348e-09,0.6230695247650146,0.0,800,0.0010547185063360942,0.8894549241795255,-45.16625
-50.0,-0.004882927518337965,1.0986043,1.0992423,0.44827818870544434,103.79166913032532,6.047569,12.723925828933716,1.0177536010742188,237.99849390983582,6.0499005,0.959037642448563,424.07083,-50.0,-47.7325,8.09211614783179,423.0832,1.5536823272705078,0.008368312381207943,4.708337684363771,-19.0,-11.0,107.92836666107178,800,10555.993948459625,-9.663401190351806e-10,0.6478826999664307,0.0,800,0.004882926551997846,0.8912530773402122,-45.1875
-50.0,-0.004339247941970825,1.1046441,1.1046329,0.4554131031036377,105.41045546531677,6.0668497,13.20384669303894,1.0388309955596924,239.02025079727173,6.066711,0.9445693550716328,431.25992,-50.0,-47.4975,8.5171650212967,431.31976,1.5228638648986816,0.007899324409663677,5.576064360281363,-9.0,-5.0,106.93117785453796,800,10795.017614126205,2.7135016456014682e-09,0.6418263912200928,0.0,800,0.004339250655472471,0.8886205272153265,-45.02
-50.0,-0.005036216229200363,1.1112307,1.1111416,0.4482858180999756,104.45774435997009,6.088956,13.327511310577393,1.0850727558135986,238.92737698554993,6.0884795,0.9396174976908318,440.75076,-50.0,-46.85875,8.319870698364248,440.96075,1.530376672744751,0.008147220127284527,5.839417645407802,-12.0,-10.0,107.5164167881012,800,11033.948434352875,-4.984438639610289e-09,0.6475193500518799,0.0,800,0.0050362112447617235,0.8814197843626941,-44.40125
-50.0,-0.003277729731053114,1.1301758,1.1301521,0.4500143527984619,103.50980830192566,6.155617,13.243598699569702,1.0388071537017822,236.54558420181274,6.1554537,0.9364084043699611,471.2806,-50.0,-46.7575,8.715738637660035,471.3577,1.534621000289917,0.005966619122773409,6.0055136125064275,-11.0,-6.0,106.43483972549438,800,11270.498643398285,2.96682123313019e-09,0.6342964172363281,0.0,800,0.003277732697874347,0.870641835016698,-44.03
-50.0,-0.0055403015576303005,1.1429323,1.1434344,0.4382798671722412,102.41276979446411,6.1976314,13.11002779006958,1.0550732612609863,235.30916905403137,6.1990314,0.9500976297074272,492.27197,-50.0,-47.315,8.942856000042717,491.58328,1.5077781677246094,0.007139258552342653,5.1940615129203085,-12.0,-8.0,106.29683756828308,800,11505.812425851822,2.39908676258338e-10,0.6288235187530518,0.0,800,0.005540301797538977,0.8643653824074453,-43.19125
-50.0,-0.0038779135793447495,1.1530209,1.1535772,0.4447944164276123,100.83260321617126,6.231636,14.416645765304565,1.0127184391021729,233.4972321987152,6.2335253,0.9473010658709159,509.5486,-50.0,-46.91875,8.222493539067088,508.58688,1.4388811588287354,0.00993371568620205,5.39950446221688,-17.0,-5.0,105.06035542488098,800,11739.313024520874,1.813471706135772e-09,0.6122961044311523,0.0,800,0.0038779153928164556,0.8575761963314743,-43.34
-50.0,-0.006084511987864971,1.1539327,1.1538045,0.4383072853088379,101.3182144165039,6.2374578,13.302175045013428,0.9771804809570312,233.7973349094391,6.23663,0.9526321647237223,511.13306,-50.0,-47.255,9.217510509893655,511.55637,1.5177767276763916,0.006316439714282751,5.270671209627859,-12.0,-9.0,106.00418305397034,800,11973.113677501678,-9.760259267466154e-10,0.6272401809692383,0.0,800,0.006084511011839044,0.8563953666353715,-42.15
-50.0,-0.005510017275810242,1.14848,1.1487896,0.43233728408813477,100.61227774620056,6.216354,12.977955341339111,1.0225300788879395,232.51367378234863,6.217047,0.9223992693557224,501.22104,-50.0,-46.165,8.750508556649722,500.87366,1.4757020473480225,0.006342601962387562,6.626671487255122,-9.0,-4.0,105.53863382339478,800,12205.632006883621,6.802380880799319e-10,0.6172900199890137,0.0,800,0.00551001795604833,0.8620260436709078,-43.31
-50.0,-0.0019063018262386322,1.1557287,1.155775,0.43042516708374023,102.05122256278992,6.239095,13.25549864768982,1.037057876586914,235.58702564239502,6.238941,0.9594585460098212,512.3158,-50.0,-47.405,8.49102430511184,512.3947,1.4845521450042725,0.007492325734347105,4.619629314133332,-17.0,-3.0,106.73373222351074,800,12441.222369670868,2.3737549703639615e-09,0.6170132160186768,0.0,800,0.0019063041999936026,0.8623039047938055,-43.1225
-50.0,-0.0004610084870364517,1.1578858,1.1584209,0.4366428852081299,102.40196514129639,6.2456636,13.473103284835815,0.9949145317077637,235.2685866355896,6.2474484,0.9419241371408242,516.69275,-50.0,-46.9725,9.479628734159371,515.7714,1.502556324005127,0.006555553991347551,5.651481553539744,-13.0,-4.0,106.20898389816284,800,12676.494319915771,-9.022652069923254e-10,0.627082347869873,0.0,800,0.0004610075847712447,0.8536058375856267,-41.94625
-50.0,-0.004917114041745663,1.161012,1.1610703,0.4291419982910156,103.52571845054626,6.2565227,13.20229721069336,1.0374042987823486,236.66150069236755,6.2565327,0.9550421872881215,521.4079,-50.0,-47.685,9.05514736213608,521.4027,1.4692509174346924,0.007765989750623703,5.0065731793313475,-17.0,-7.0,106.54080867767334,800,12913.159487724304,-2.4437902812479706e-09,0.6154890060424805,0.0,800,0.0049171115979553814,0.8711440665885664,-43.9175
-50.0,-0.0033608111552894115,1.1585053,1.1588718,0.43483996391296387,104.8130316734314,6.245646,13.486921310424805,1.0364990234375,239.9217233657837,6.246515,0.9451924465912351,516.2106,-50.0,-47.21375,9.938529820853788,515.7623,1.5262455940246582,0.0065151662565767765,5.657787636302728,-13.0,-4.0,108.10814237594604,800,13153.084644079208,-3.038346907402456e-09,0.6328747272491455,0.0,800,0.003360808116942504,0.8547651405212421,-43.125
-50.0,-0.005555746611207724,1.171606,1.1720438,0.4447054862976074,104.63552045822144,6.28374,13.942551136016846,1.1099720001220703,241.09932231903076,6.285139,0.9481179077215706,536.5389,-50.0,-46.99875,10.162995375380234,535.7888,1.52236008644104,0.008948151022195816,5.4501145343469615,-19.0,-4.0,109.06315302848816,800,13394.187280416489,3.2737852428965653e-09,0.6323564052581787,0.0,800,0.0055557498849929665,0.8494226400371749,-42.395
-50.0,-0.003657728433609009,1.1679751,1.1678038,0.437103271484375,102.82434916496277,6.2702155,13.914496421813965,1.004582166671753,237.29883885383606,6.2697096,0.9440995894191154,528.3239,-50.0,-47.03875,9.082538191496912,528.5913,1.5315122604370117,0.008294719271361828,5.632472675255514,-11.0,-3.0,107.14194393157959,800,13631.489455461502,3.013014948649584e-09,0.6391255855560303,0.0,800,0.0036577314466239574,0.8489811467496852,-42.5
-50.0,-0.0028779401909559965,1.1768266,1.1773452,0.44144630432128906,104.92323088645935,6.3010178,13.859084844589233,1.026273250579834,238.64787459373474,6.3024693,0.9223682515208323,545.9183,-50.0,-46.3575,9.626523824179733,545.12646,1.4982414245605469,0.007886943407356739,6.833534499071472,-4.0,-4.0,106.40992879867554,800,13870.14085817337,2.352893435642045e-09,0.6282014846801758,0.0,800,0.002877942543849432,0.8490176287316489,-42.10625
-50.0,-0.006507477723062038,1.1836486,1.1834385,0.4410076141357422,102.62332129478455,6.3234353,13.889071226119995,0.9976484775543213,238.04587602615356,6.3226132,0.9388216251875798,557.02673,-50.0,-46.4975,9.05290621499527,557.48486,1.5585339069366455,0.007334156893193722,6.078650652077318,-12.0,-11.0,107.79508781433105,800,14108.19011092186,2.5853512664042455e-09,0.6422884464263916,0.0,800,0.006507480308413305,0.8535420012838209,-41.96625
-50.0,-0.0035490766167640686,1.1905345,1.1907896,0.45537614822387695,104.176109790802,6.343015,14.498505592346191,1.024691104888916,240.0321671962738,6.343503,0.969818569734826,568.7853,-50.0,-47.89375,9.335609246321313,568.5079,1.5645594596862793,0.006533554755151272,4.014967115369688,-19.0,-8.0,107.6926965713501,800,14348.225730419159,2.8356910153348736e-09,0.6435470581054688,0.0,800,0.003549079452455084,0.8392043545094047,-41.08
-50.0,-0.0027381600812077522,1.2079829,1.2082387,0.45125699043273926,104.36976671218872,6.3972526,16.023974418640137,1.0520861148834229,240.94384670257568,6.3976836,0.937812263812038,600.4526,-50.0,-46.685,9.36907012461749,600.1938,1.579359531402588,0.00888666883111,6.113573014203724,-15.0,-7.0,106.80788469314575,800,14589.17301940918,-2.7641653410626077e-09,0.6427559852600098,0.0,800,0.002738157317042411,0.8565152709029178,-42.305
-50.0,-0.005307880695909262,1.2126826,1.2130213,0.4481980800628662,102.94325661659241,6.4011617,14.419081211090088,0.9734535217285156,239.47990560531616,6.4025464,0.947147455305455,603.3795,-50.0,-46.60875,9.347992347958998,602.5446,1.5673270225524902,0.0056809489615261555,5.637878451820329,-11.0,-3.0,108.56282067298889,800,14828.65639948845,2.478063088062754e-09,0.6526196002960205,0.0,800,0.00530788317397235,0.8338967886907864,-41.09375
-50.0,-0.005803713575005531,1.2202319,1.2203107,0.44838571548461914,101.53349184989929,6.426301,14.231138706207275,1.0438835620880127,235.04629182815552,6.426209,0.9641620277484605,617.82733,-50.0,-47.53,9.2687509271746,617.88416,1.5647978782653809,0.00791215244680643,4.14898782837453,-18.0,-8.0,105.91490125656128,800,15063.706117630005,-2.264976872723423e-09,0.6408891677856445,0.0,800,0.005803711310028659,0.8461171784353481,-41.0725
-50.0,-0.004254208877682686,1.2320989,1.2320797,0.44716596603393555,101.1651074886322,6.465484,14.621067523956299,1.059011697769165,235.86705112457275,6.4652205,0.94506751534926,642.40594,-50.0,-46.42,8.277566728060851,642.5754,1.5872435569763184,0.006222972180694342,5.44367522910763,-12.0,-10.0,106.40568494796753,800,15299.57654452324,4.1872252887209527e-10,0.655287504196167,0.0,800,0.004254209296405215,0.862083688719619,-41.56625
-50.0,-0.003590195206925273,1.2547392,1.2556765,0.4440174102783203,100.92684125900269,6.534035,14.671133518218994,1.0218596458435059,234.02463293075562,6.536851,0.952636694065838,690.1099,-50.0,-46.875,8.131057741770132,688.1695,1.5629498958587646,0.00393054261803627,4.94766359001903,-17.0,-8.0,104.7654116153717,800,15533.60481929779,1.0430815933215598e-10,0.6501865386962891,0.0,800,0.0035901953112334323,0.8604396865643773,-41.28
-50.0,-0.0045456476509571075,1.2624358,1.2632207,0.4597291946411133,102.61049699783325,6.5538177,15.04293179512024,1.0550613403320312,236.66831851005554,6.555686,0.9410405906965655,703.2314,-50.0,-45.74875,8.740796499032568,701.9188,1.5755817890167236,0.00887069571763277,5.626555201675355,-16.0,-5.0,105.39165663719177,800,15770.276637077332,-2.478063310107359e-09,0.6474690437316895,0.0,800,0.0045456451728937974,0.8320495750442537,-39.46875
-50.0,-0.003653398249298334,1.2661133,1.2666235,0.4435770511627197,101.71333742141724,6.559377,14.697262525558472,1.003852128982544,233.95056056976318,6.5608563,0.9439218127555287,706.8768,-50.0,-46.14,8.525630383584549,705.832,1.558966875076294,0.008660474792122841,5.210124758583042,-17.0,-8.0,104.26905608177185,800,16004.230607032776,1.0281802076406166e-09,0.6339070796966553,0.0,800,0.0036533992774785418,0.853430250858414,-41.11125
-50.0,-0.0026877056807279587,1.2762561,1.2765368,0.4450957775115967,101.21627140045166,6.5868306,14.713900089263916,1.041703462600708,233.98950958251953,6.5873704,0.9605366260085124,725.8696,-50.0,-46.7125,8.36544221410321,725.4779,1.5204124450683594,0.009001843631267548,4.336166942127575,-19.0,-6.0,104.31040358543396,800,16238.224658727646,-9.775161791125697e-10,0.6353545188903809,0.0,800,0.0026877047032117796,0.8425856671555475,-39.74875
-50.0,-0.003796642180532217,1.2767069,1.2772257,0.4519820213317871,100.41900181770325,6.588194,14.941205501556396,1.086463451385498,235.1953682899475,6.5898767,0.9739775272896567,727.6911,-50.0,-47.59,8.01300807671501,726.4676,1.5832548141479492,0.004398355260491371,3.6030403827878477,-20.0,-7.0,106.09065794944763,800,16473.42352771759,1.7970800403332987e-09,0.6464340686798096,0.0,800,0.0037966439776122574,0.8425757775549604,-39.97875
-50.0,-0.005867456551641226,1.2809938,1.2816831,0.4497222900390625,100.11380743980408,6.5971165,15.068808794021606,1.0780997276306152,232.3954794406891,6.5993633,0.9666008674694473,734.6273,-50.0,-47.21375,7.843417224016583,732.9786,1.5213706493377686,0.005662259645760059,3.868857833715268,-20.0,-11.0,103.6318006515503,800,16705.822580337524,6.78003098109059e-10,0.6366608142852783,0.0,800,0.005867457229644324,0.8467502265526123,-40.0575
-50.0,-0.002641060622408986,1.281978,1.2821264,0.4455873966217041,99.41550803184509,6.6012354,15.007879495620728,0.9925415515899658,230.56122589111328,6.6021624,0.9750229358727918,736.68646,-50.0,-47.355,8.124807690031808,736.0039,1.5413670539855957,0.006584838032722473,3.3639968787143664,-24.0,-7.0,102.26822805404663,800,16936.387357234955,3.992020936038898e-09,0.6385269165039062,0.0,800,0.002641064614429922,0.8261530386840752,-39.4
-50.0,-0.0042897798120975494,1.2874372,1.2884027,0.44724440574645996,98.55072474479675,6.6171885,15.09778094291687,1.080737829208374,230.90505647659302,6.6198454,0.9678958381155619,749.82916,-50.0,-46.95875,8.430450388324457,747.83954,1.59983229637146,0.0035312592517584562,3.902825699092902,-24.0,-9.0,103.42610597610474,800,17167.296259641647,2.3096791146315354e-10,0.6439166069030762,0.0,800,0.004289780043065461,0.8239080387890956,-37.9975
-50.0,-0.006084750406444073,1.2851003,1.2858344,0.4478728771209717,99.77962946891785,6.600647,15.554128170013428,1.007943868637085,233.18076944351196,6.6028547,0.968503109351045,737.19666,-50.0,-47.0775,8.244360856822073,735.5709,1.6048712730407715,0.007032823283225298,3.8228253622157524,-21.0,-11.0,104.06575083732605,800,17400.480533838272,2.1010646000796385e-10,0.6506409645080566,0.0,800,0.006084750616550533,0.8340259230619922,-38.90375
-50.0,-0.0055581131018698215,1.286632,1.2862899,0.45406532287597656,98.75655341148376,6.6042924,15.534491062164307,1.1357390880584717,231.43046140670776,6.603561,0.9646560596895435,737.71747,-50.0,-46.4475,8.140828332393454,738.25726,1.594367265701294,0.0072646550834178925,4.01618522356726,-28.0,-9.0,103.41051816940308,800,17631.914493322372,2.4408104426498767e-09,0.6505439281463623,0.0,800,0.005558115542680264,0.8203056824050742,-39.14375
-50.0,-0.003531424794346094,1.2933447,1.2927222,0.45485448837280273,99.12451457977295,6.621353,15.246716260910034,2.893112897872925,234.31632590293884,6.6200595,0.9712612314484039,749.9897,-50.0,-46.9375,7.274479255417532,750.9606,1.5927636623382568,0.00857673678547144,3.604315989199615,-27.0,-11.0,104.38800740242004,800,17866.234356880188,-6.183981104967984e-10,0.6472430229187012,0.0,800,0.0035314241759479836,0.8315399899640494,-38.32125
-50.0,-0.009637298993766308,1.3069414,1.3076955,0.4475374221801758,99.88410782814026,6.657547,15.406014919281006,0.9833145141601562,233.77139401435852,6.659989,0.9684222745568328,780.54224,-50.0,-47.1475,7.901809523773653,778.6386,1.5770666599273682,0.00942073855549097,3.750432475062043,-24.0,-13.0,104.74953436851501,800,18100.009581804276,-1.9297003994722672e-09,0.6402161121368408,0.0,800,0.009637297064065908,0.825838114288169,-37.8625
-50.0,-0.0054377480410039425,1.3010275,1.3013337,0.45090389251708984,101.67845463752747,6.63462,15.527319431304932,1.0611464977264404,234.8134319782257,6.635364,0.9508472670740867,761.5563,-50.0,-45.945,8.009462762882414,760.99,1.5644762516021729,0.009866020642220974,4.952219199510458,-15.0,-12.0,103.9998071193695,800,18334.82786345482,-2.1055341914433257e-09,0.6458194255828857,0.0,800,0.005437745935469751,0.81634659638225,-37.5775
-50.0,-0.0033914074301719666,1.2963889,1.2981397,0.4452946186065674,98.91106605529785,6.604655,15.55774736404419,0.9924931526184082,230.88550782203674,6.609748,0.9728565062147213,742.29584,-50.0,-47.2525,8.290541956802342,738.5249,1.5578029155731201,0.006878143176436424,3.645030006735198,-25.0,-7.0,102.66778898239136,800,18565.71675658226,-1.5377998874299692e-09,0.6333622932434082,0.0,800,0.003391405892372079,0.8002357301781327,-38.05625
-50.0,-0.0031176412012428045,1.3067671,1.3075888,0.4363691806793213,97.12499856948853,6.6392055,15.463620662689209,0.9908604621887207,230.45888495445251,6.641183,0.9591310570666287,766.00055,-50.0,-46.22875,7.144941829714221,764.4873,1.5626423358917236,0.008536011911928654,4.18167710823062,-21.0,-10.0,104.12314939498901,800,18796.179051876068,2.001225851699928e-09,0.6357989311218262,0.0,800,0.0031176432024686562,0.8206838529562899,-36.8425
-50.0,-0.0023961798287928104,1.3065473,1.3066393,0.4540717601776123,99.86741757392883,6.638252,16.060856342315674,1.1251795291900635,233.85311889648438,6.639498,0.9712787754817508,764.7112,-50.0,-46.8,7.446440424793581,763.7586,1.5869388580322266,0.0077272155322134495,3.512121865767189,-26.0,-10.0,103.68286633491516,800,19030.035681009293,-1.3113021779531664e-09,0.6446480751037598,0.0,800,0.0023961785174906325,0.8107433159439401,-36.195
-50.0,-0.007675615139305592,1.3077357,1.3084702,0.4408690929412842,97.57131361961365,6.6383686,15.704355716705322,1.1326789855957031,231.71925520896912,6.640998,0.9850564045643676,765.8588,-50.0,-47.7675,6.9926558572190585,763.84784,1.5856521129608154,0.009269701316952705,2.626012899815993,-35.0,-10.0,104.78415942192078,800,19261.75856947899,3.834068618147057e-09,0.6410501003265381,0.0,800,0.00767561897337421,0.8145053096006185,-36.79625
-50.0,-3.944996205973439e-05,1.3020293,1.3019785,0.4461674690246582,100.21947765350342,6.620345,16.091658353805542,1.0075280666351318,233.90457820892334,6.6203265,0.9827408902501327,750.19,-50.0,-47.66875,7.74781259453273,750.204,1.5561282634735107,0.00893730204552412,2.8011646573345166,-31.0,-9.0,103.66487193107605,800,19495.66665816307,-2.019107325779146e-09,0.6330912113189697,0.0,800,3.944794295240861e-05,0.8063433299204541,-36.92
-50.0,-0.0105555709451437,1.3136541,1.3144709,0.44860219955444336,98.99123120307922,6.6537685,16.056047439575195,0.9909427165985107,233.30912470817566,6.6560826,0.9840248939329794,777.4992,-50.0,-48.105,7.879569210147215,775.7021,1.5603795051574707,0.009461425244808197,2.830896501110558,-25.0,-10.0,104.69850897789001,800,19728.979786396027,-8.47876102660905e-10,0.6394200325012207,0.0,800,0.010555570097267597,0.8291802508768371,-37.84625
-50.0,-0.005036379210650921,1.3284289,1.3290691,0.4526188373565674,100.9223415851593,6.6824117,16.304717302322388,1.1382074356079102,236.63228344917297,6.6845336,0.9804065584147238,799.9375,-50.0,-47.39625,7.596913847082906,798.2419,1.5984716415405273,0.0052917818538844585,3.10148930958983,-29.0,-7.0,105.11883425712585,800,19965.61557006836,2.633035123267291e-09,0.6573777198791504,0.0,800,0.005036381843686044,0.7926974740113993,-34.88
-50.0,-0.006033562123775482,1.3281821,1.3278887,0.4452998638153076,100.07597470283508,6.6813045,15.746623992919922,1.0954134464263916,236.09305047988892,6.681203,0.981037829366761,797.2776,-50.0,-47.3525,7.828682839405362,797.3586,1.5510873794555664,0.009543664753437042,2.976280186743177,-28.0,-7.0,106.69392704963684,800,20201.71343398094,1.5020369392715338e-09,0.6401591300964355,0.0,800,0.0060335636258124214,0.7954464086240414,-35.435
-50.0,-0.004828093573451042,1.3370326,1.3379015,0.4433112144470215,99.82185888290405,6.712549,15.766681432723999,1.0564770698547363,231.83737897872925,6.7159963,0.9770490537983025,825.5058,-50.0,-47.25125,8.20834331640679,822.6651,1.514744758605957,0.007485374342650175,3.1193947229390515,-28.0,-7.0,102.55767297744751,800,20433.55519270897,8.314847699253392e-10,0.6235721111297607,0.0,800,0.004828094404935812,0.7895349260593559,-34.91
-50.0,-0.0034007560461759567,1.3505175,1.3506422,0.44136881828308105,98.16970205307007,6.737879,15.77174186706543,1.0602385997772217,229.45967888832092,6.7390633,0.9674753171792283,844.76904,-50.0,-46.23625,7.46969282751975,843.76904,1.5186285972595215,0.00526193855330348,3.5854478015305147,-24.0,-8.0,102.12903118133545,800,20663.01839375496,-2.324581194201869e-09,0.6358613967895508,0.0,800,0.0034007537215947625,0.7948299309268331,-34.91375
-50.0,-0.004655490629374981,1.3584039,1.3577712,0.4515349864959717,98.5343849658966,6.758576,16.00925326347351,1.0720064640045166,229.67559552192688,6.7573195,0.9670652843454293,860.33295,-50.0,-46.11375,7.4707659413208765,861.4146,1.5074942111968994,0.00762953283265233,3.691315610659701,-26.0,-8.0,101.44666814804077,800,20892.697370052338,-7.495286058478712e-10,0.625499963760376,0.0,800,0.004655489879846375,0.7925896336629565,-35.0875
-50.0,-0.0062569985166192055,1.3699822,1.37047,0.4341928958892822,97.10223746299744,6.7905345,15.849631309509277,1.0586578845977783,227.2842833995819,6.791957,0.9821727830157396,890.6548,-50.0,-47.25125,7.421249473639867,889.3888,1.496262788772583,0.007929855026304722,2.805017546736562,-33.0,-8.0,100.73236012458801,800,21119.986021518707,-2.0116561194605254e-10,0.6232457160949707,0.0,800,0.0062569983154535935,0.7951826712575666,-34.9925
-50.0,-0.0006461450830101967,1.3719077,1.3723919,0.4441256523132324,97.31705379486084,6.793661,15.787686347961426,3.0060057640075684,229.89716792106628,6.795901,0.9762623294941102,894.1744,-50.0,-47.06625,7.872794830141327,892.17395,1.550490379333496,0.004154416266828775,3.132389014394604,-24.0,-10.0,101.42014479637146,800,21349.886723041534,3.840029183521665e-09,0.6247761249542236,0.0,800,0.0006461489230393802,0.7785633134161117,-34.98125
-50.0,-0.004912477917969227,1.3803297,1.380535,0.4327123165130615,96.99068069458008,6.811905,16.174576997756958,1.0476558208465576,226.69666004180908,6.8129673,0.9824923887581738,909.56573,-50.0,-47.3975,7.520046542409163,908.6,1.5490422248840332,0.006434362847357988,2.691095269588202,-34.0,-12.0,100.19831466674805,800,21576.586814165115,-9.52184331382e-10,0.6311206817626953,0.0,800,0.0049124769657848955,0.7850558640885194,-34.42
-50.0,-0.006751162000000477,1.3792892,1.379714,0.4486103057861328,98.58657383918762,6.813217,16.123624801635742,1.1945600509643555,229.72832226753235,6.815312,0.9871762276678228,911.70087,-50.0,-48.06125,7.238756799340616,909.793,1.4922850131988525,0.008157316595315933,2.404682606395281,-30.0,-5.0,101.47620129585266,800,21806.318531274796,-1.3858088288021264e-10,0.6169643402099609,0.0,800,0.006751161861419594,0.7928547019128576,-33.52
-50.0,-0.006538757123053074,1.366827,1.3677117,0.4375579357147217,97.45218539237976,6.7805057,15.95727014541626,1.036177396774292,227.50562715530396,6.7836127,0.9799471640304801,883.2539,-48.0,-47.27,7.640803295465733,880.51385,1.4597382545471191,0.009000446647405624,2.8385031266496785,-33.0,-9.0,100.81293177604675,800,22033.82756614685,5.811453540616185e-10,0.6141097545623779,0.0,800,0.006538757704198428,0.7813024530417042,-33.725
-50.0,-0.0058457818813622,1.3806782,1.3814625,0.4371802806854248,97.66141605377197,6.822349,16.133219242095947,1.0166997909545898,228.39052963256836,6.8247523,0.9829395034001033,920.34845,-50.0,-47.21625,7.233031435712139,918.1393,1.4865963459014893,0.007008561864495277,2.767125934521232,-33.0,-10.0,100.88750267028809,800,22262.221470594406,-3.7223102378192152e-09,0.617415189743042,0.0,800,0.005845778159051962,0.7890822931909227,-34.1525
-50.0,-0.006209630519151688,1.388342,1.3894039,0.4416947364807129,98.99230980873108,6.847574,16.287744522094727,0.9802029132843018,230.16772031784058,6.8510017,0.9737157623270105,944.8269,-50.0,-46.47375,7.962450058713084,941.59406,1.53519606590271,0.00841287337243557,3.264860018055904,-29.0,-6.0,101.28763151168823,800,22492.39392900467,-3.2970681740351893e-09,0.6236860752105713,0.0,800,0.006209627222083514,0.7590145571184849,-33.75375
-50.0,-0.005587780382484198,1.3919142,1.3924283,0.4307858943939209,97.45892763137817,6.8517146,16.355297327041626,1.0624432563781738,228.92413139343262,6.853228,0.9780384102197145,946.93274,-50.0,-46.9425,7.764170512681957,945.5007,1.533954381942749,0.005544972140341997,3.015658095673314,-29.0,-7.0,101.64597582817078,800,22721.321561336517,1.832842350113495e-10,0.6233580112457275,0.0,800,0.005587780565768433,0.7693605109060928,-33.0125
-50.0,-0.002103129867464304,1.4035106,1.4045501,0.4303302764892578,97.264963388443,6.883461,16.148387670516968,1.0001506805419922,226.96811413764954,6.886862,0.9763103033662439,979.3233,-50.0,-46.635,6.931431580128307,975.9985,1.4866414070129395,0.006518475245684385,3.183830240449387,-28.0,-7.0,100.10761165618896,800,22948.294120311737,-1.4603114550926222e-10,0.6148521900177002,0.0,800,0.0021031297214331585,0.7951139471832944,-33.5725
-50.0,-0.001987891737371683,1.4315268,1.4315141,0.4388096332550049,97.83418464660645,6.959211,16.918259859085083,1.0200035572052002,228.3253231048584,6.9594874,0.9739166159416719,1053.0936,-50.0,-46.33125,7.970068126277215,1052.8025,1.504455327987671,0.008331941440701485,3.255998070868593,-32.0,-2.0,100.26588702201843,800,23176.62280344963,-1.1861326365547598e-09,0.6192488670349121,0.0,800,0.0019878905512390466,0.7715721568066557,-33.78375
-50.0,-0.0031197047792375088,1.4358348,1.4364517,0.4294240474700928,95.91217017173767,6.968429,16.534491777420044,1.0285000801086426,225.45788526535034,6.971217,0.9708617297148242,1065.5189,-50.0,-46.0975,7.23384395999112,1062.5522,1.4624531269073486,0.006705142091959715,3.298938276173108,-30.0,-11.0,99.83602356910706,800,23402.085263490677,3.859401687122954e-10,0.6211237907409668,0.0,800,0.0031197051651776775,0.7811757247214361,-33.53875
-50.0,-0.0019388161599636078,1.458943,1.4589081,0.4301280975341797,96.26172971725464,7.0237885,16.23741054534912,1.009697675704956,225.7310471534729,7.0234118,0.9728182472149272,1122.6101,-50.0,-46.0875,7.287771328568152,1123.0331,1.5000464916229248,0.005811649840325117,3.2503605569228777,-30.0,-8.0,99.6052393913269,800,23627.819715738297,-1.1906026164965056e-09,0.6166121959686279,0.0,800,0.0019388149693609913,0.7745785365149571,-33.23375
-50.0,-0.007123990915715694,1.4630893,1.4629431,0.43607568740844727,97.50860810279846,7.033936,16.612520456314087,1.0610978603363037,228.43266201019287,7.0342383,0.9792682050409834,1134.8302,-49.0,-46.9825,7.258421724968866,1134.4872,1.4661047458648682,0.007384707685559988,3.060995548837012,-31.0,-7.0,100.84098625183105,800,23856.25573158264,1.6354025911269332e-09,0.6154739856719971,0.0,800,0.0071239925511182856,0.7767221289366265,-32.93625
-50.0,-0.007390076760202646,1.4380232,1.4387648,0.43050599098205566,97.29576325416565,6.9663463,16.73115038871765,1.0511195659637451,229.04284977912903,6.9692373,0.9873057359964764,1063.4114,-50.0,-47.6475,7.840125058792111,1060.3414,1.4893300533294678,0.006723043974488974,2.2925408938555494,-38.0,-10.0,101.71227979660034,800,24085.303422689438,1.1652707687659358e-09,0.6092212200164795,0.0,800,0.007390077925473415,0.7677704048962097,-32.77375
-50.0,-0.004351121373474598,1.4385982,1.4394832,0.42709994316101074,96.36577773094177,6.9602494,16.56886100769043,1.0314409732818604,225.72880101203918,6.9626627,0.9807844799603621,1056.4427,-50.0,-47.23375,7.553360075986051,1053.8964,1.4583120346069336,0.007527656387537718,2.907595387515258,-28.0,-9.0,99.6858320236206,800,24311.036472320557,1.7002225183304631e-09,0.6103789806365967,0.0,800,0.004351123073697116,0.75591740305496,-31.63875
-50.0,-0.007562160491943359,1.4309881,1.4313043,0.4279758930206299,97.35476589202881,6.9392986,16.496701955795288,1.0239226818084717,228.42789244651794,6.9407015,0.9847849751132927,1033.495,-50.0,-47.56,7.660009689125726,1032.0461,1.4743852615356445,0.006730022374540567,2.5325678668102856,-30.0,-7.0,101.2085120677948,800,24539.468696832657,1.7553565268002558e-09,0.6105489730834961,0.0,800,0.007562162247299886,0.7764902385654803,-33.20125
-50.0,-0.004542835056781769,1.4362925,1.4368708,0.44004273414611816,97.18545126914978,6.9465938,16.69644570350647,1.0296671390533447,227.69260668754578,6.948788,0.9797749829325075,1041.8864,-49.0,-46.9175,7.384150149983409,1039.6025,1.489330530166626,0.005623446311801672,2.949270036805718,-30.0,-10.0,100.43207168579102,800,24767.16469836235,-4.38839270477942e-10,0.6214847564697266,0.0,800,0.004542834617942498,0.7503266131027131,-31.32875
-50.0,-0.007526105735450983,1.4674002,1.4688044,0.42591333389282227,95.80274033546448,7.0169063,18.605645895004272,1.002453327178955,228.14815497398376,7.0208893,0.9724696391875844,1119.782,-50.0,-46.26375,7.341048545677927,1115.3307,1.5148344039916992,0.008063719607889652,3.2255520360862264,-21.0,-4.0,100.43984317779541,800,24995.316309452057,1.6301869854018491e-09,0.6265814304351807,0.0,800,0.0075261073656379684,0.7459946996303715,-30.8225
-50.0,-0.005387450102716684,1.4731292,1.4735683,0.438124418258667,97.45764255523682,7.0328374,17.106615781784058,1.0382213592529297,227.27646112442017,7.0348616,0.9807412501487669,1135.5377,-49.0,-46.975,8.242247778215601,1133.2415,1.4604170322418213,0.00955203827470541,2.8061316790200705,-31.0,-8.0,99.50291347503662,800,25222.59618139267,1.0013578854994876e-09,0.6288528442382812,0.0,800,0.00538745110407457,0.7528662479940227,-32.28125
-50.0,-0.005262168124318123,1.4701962,1.4699268,0.435321569442749,96.96600842475891,7.0260158,16.839012384414673,1.0139434337615967,225.94600820541382,7.025638,0.9734356971290503,1125.1123,-49.0,-46.09375,7.02335111876802,1125.5372,1.4602768421173096,0.009287661872804165,3.246145550880305,-29.0,-7.0,98.81814765930176,800,25448.54549217224,6.243586536669454e-09,0.6146812438964844,0.0,800,0.0052621743679046595,0.7582296857808876,-30.50625
-50.0,-0.005943969823420048,1.4784662,1.4790988,0.44303250312805176,95.97216987609863,7.0421205,17.2018780708313,1.0254497528076172,226.95502972602844,7.0441275,0.9772015894508995,1146.1084,-50.0,-46.14625,7.029117565526985,1143.8104,1.4728689193725586,0.00668780691921711,2.950400131761792,-29.0,-8.0,100.42941403388977,800,25675.50507068634,-4.261732355903547e-10,0.6096763610839844,0.0,800,0.005943969397246812,0.7603373766665478,-30.8225
-50.0,-0.006652633659541607,1.47818,1.4790306,0.4401576519012451,97.03701877593994,7.051933,17.405615091323853,1.0580165386199951,227.39571714401245,7.0545382,0.9638377433124068,1158.1025,-50.0,-45.21125,7.815886765908267,1155.0891,1.506052017211914,0.006626605987548828,3.652276473310858,-25.0,-8.0,99.3061351776123,800,25902.90415406227,-1.175701536126894e-09,0.6222200393676758,0.0,800,0.006652632483840071,0.7487194613970778,-31.94375
-50.0,-0.00399372773244977,1.4803053,1.4807228,0.43378472328186035,96.55915641784668,7.0610666,17.502406358718872,1.0112440586090088,226.74471497535706,7.0617595,0.972241207262601,1166.4957,-50.0,-45.94625,7.301171887957439,1165.6879,1.5206701755523682,0.008022506721317768,3.2643316218638083,-32.0,-6.0,99.34443092346191,800,26129.65263080597,1.7598271728758164e-09,0.6186294555664062,0.0,800,0.003993729492276943,0.7544057741628631,-31.44625
-50.0,-0.0030905259773135185,1.5004556,1.4993267,0.42754030227661133,96.27230525016785,7.1042,17.14661192893982,1.0068461894989014,225.51086163520813,7.102203,0.9665299711908305,1214.6399,-49.0,-45.4225,7.5183238657296485,1217.0679,1.4883899688720703,0.007937164045870304,3.582107445345547,-28.0,-5.0,98.79394483566284,800,26355.168028354645,-9.074806461839557e-10,0.6164407730102539,0.0,800,0.0030905250698328723,0.7459874501910321,-30.6575
-50.0,-0.003715919330716133,1.5073286,1.5070269,0.43792104721069336,97.32401013374329,7.1167307,17.590481758117676,1.0283174514770508,228.5460159778595,7.1170564,0.9640529307854518,1232.8162,-50.0,-44.85125,8.214346824306848,1232.4147,1.540342092514038,0.0076703461818397045,3.6182348510703397,-30.0,-9.0,100.02412271499634,800,26583.718688964844,2.1833925778480534e-09,0.6413826942443848,0.0,800,0.003715921514108711,0.7443483239018992,-30.7775
-50.0,-0.005234291311353445,1.5149696,1.5157706,0.43314671516418457,98.10366988182068,7.1276875,17.468914031982422,1.0169563293457031,229.3212206363678,7.1303515,0.9726702801590432,1249.316,-50.0,-45.8475,7.955697545627285,1245.9922,1.5273041725158691,0.006478568073362112,3.2824143172366282,-28.0,-6.0,100.19860982894897,800,26813.043231725693,2.6404858299855505e-09,0.6353716850280762,0.0,800,0.005234293951839275,0.7258021978705691,-29.81125
-50.0,-0.007029072847217321,1.5304799,1.5311306,0.45450854301452637,97.91979193687439,7.1727977,18.104907512664795,1.078108549118042,229.98353171348572,7.1750326,0.9724953073002394,1306.4027,-49.0,-45.65375,8.312395770023224,1303.4862,1.506377935409546,0.007153303362429142,3.220459740083704,-32.0,-3.0,100.27505230903625,800,27043.030123710632,2.858042691400442e-09,0.6207153797149658,0.0,800,0.007029075705260013,0.7230310988035609,-29.69125
-50.0,-0.0030511983204632998,1.5427718,1.5435057,0.43915724754333496,96.77812075614929,7.211647,17.533713579177856,1.0406928062438965,226.8994014263153,7.213514,0.9696824176944068,1357.6545,-50.0,-45.4975,8.145274320119611,1355.1223,1.5121424198150635,0.0074773491360247135,3.511765047664778,-31.0,-5.0,99.05237054824829,800,27269.932876348495,4.673004205812958e-09,0.6327333450317383,0.0,800,0.0030512029934675056,0.7256770794940327,-30.5975
-50.0,-0.006837966851890087,1.557224,1.5576401,0.4382035732269287,96.76936173439026,7.2454376,17.9201877117157,1.031693458557129,228.056574344635,7.2468696,0.9690488240161731,1403.7037,-48.0,-45.565,6.884319932825609,1401.6952,1.546600103378296,0.0077253105118870735,3.2528103233972927,-29.0,-9.0,100.03341770172119,800,27497.992904901505,-4.130602526686289e-09,0.6273207664489746,0.0,800,0.0068379627212875604,0.7430920388376324,-28.65375
-50.0,-0.007785634603351355,1.557171,1.5581712,0.43625593185424805,97.7548553943634,7.2420297,18.186649799346924,1.0592024326324463,228.98018407821655,7.245047,0.9764894508831147,1401.1478,-50.0,-46.22375,8.423849698920321,1396.9264,1.5299944877624512,0.009943228214979172,3.0848315898116705,-32.0,-6.0,99.44250845909119,800,27726.97670173645,8.031725284851632e-10,0.6253705024719238,0.0,800,0.007785635406523883,0.689136488649722,-29.2525
-50.0,-0.006063708104193211,1.5710443,1.5723615,0.44530630111694336,97.36987400054932,7.2739563,17.974831342697144,1.0485398769378662,230.04317784309387,7.2777905,0.9782465777222615,1447.7856,-50.0,-46.2525,8.323617002241273,1442.2451,1.57047438621521,0.007463242392987013,2.8037909604676305,-34.0,-5.0,100.97330737113953,800,27957.023319482803,1.4811754045496173e-09,0.6288607120513916,0.0,800,0.006063709585368615,0.7060050647983251,-28.82
-50.0,-0.007940967567265034,1.5756125,1.5760833,0.44784092903137207,96.82275557518005,7.2807016,18.121060371398926,1.0039236545562744,227.9785144329071,7.2826734,0.9786766840515184,1454.8722,-50.0,-46.26125,8.098144463394068,1452.0065,1.5354535579681396,0.009487512521445751,3.0241525155818447,-28.0,-4.0,99.72442388534546,800,28185.00612807274,-6.422398723948675e-10,0.625065803527832,0.0,800,0.007940966925025161,0.7154313351405421,-30.1325
-50.0,-0.0048023103736341,1.5976366,1.5976639,0.443209171295166,97.12328314781189,7.332993,18.058693647384644,1.031031847000122,227.9608814716339,7.332647,0.9680606027830624,1529.4246,-49.0,-45.53375,8.685000629677583,1529.9541,1.5016653537750244,0.00967902597039938,3.533604524773535,-28.0,-4.0,99.40374541282654,800,28412.97032904625,5.602834862727946e-10,0.6170229911804199,0.0,800,0.004802310933917586,0.7016330838604721,-29.91625
-50.0,-0.00012029775825794786,1.6288509,1.6302317,0.44260501861572266,96.69663095474243,7.395964,18.207062005996704,1.0174534320831299,227.73618388175964,7.3998055,0.9671100399112539,1635.6664,-48.0,-45.235,7.4650392455431875,1629.3951,1.4637830257415771,0.0024796274956315756,3.569982492954272,-15.0,-5.0,98.9614520072937,800,28640.7107462883,6.079674541581426e-09,0.619133472442627,0.0,800,0.00012030383793248944,0.7266163265378527,-28.71375
-50.0,-0.0057210177183151245,1.6372604,1.6377432,0.4415283203125,97.04154753684998,7.4146976,18.08877682685852,1.0486383438110352,226.9578664302826,7.4158673,0.9628942915762301,1662.1501,-50.0,-45.1075,7.8010059447484075,1660.2072,1.5095767974853516,0.00869069341570139,3.831571968526756,-20.0,-6.0,98.42470502853394,800,28867.67205262184,-3.889202848661455e-10,0.6254627704620361,0.0,800,0.00572101732939484,0.7258302467476181,-28.5425
-50.0,-0.0069685629568994045,1.635016,1.6356007,0.444594144821167,96.42704916000366,7.422014,20.558050870895386,1.068903923034668,230.5957431793213,7.424838,0.9709942635072659,1677.1279,-49.0,-45.63375,8.249248450616577,1672.3987,1.5520570278167725,0.007303321734070778,3.358513203413082,-26.0,-4.0,99.8812518119812,800,29098.271112918854,-1.2204053323472408e-09,0.6288540363311768,0.0,800,0.006968561736494072,0.7041323263995205,-29.18
-50.0,-0.004914384335279465,1.643484,1.6447834,0.441709041595459,97.2241952419281,7.4428577,18.3140549659729,1.0059483051300049,228.06895184516907,7.4468346,0.9665353996847641,1714.4276,-47.0,-45.23625,7.405652824025712,1707.6232,1.503952980041504,0.007199130021035671,3.5295801361493413,-30.0,-8.0,99.02881288528442,800,29326.344431638718,6.642937755430012e-09,0.6267518997192383,0.0,800,0.00491439097821722,0.7192084654726012,-28.6175
-50.0,-0.00550446892157197,1.653351,1.6527956,0.45809340476989746,100.63776206970215,7.4663405,19.105725526809692,1.0382370948791504,234.75529742240906,7.46567,0.9568670832431693,1747.0259,-49.0,-44.2875,7.639179336649978,1748.1975,1.5544817447662354,0.006107482127845287,4.197897539245092,-24.0,-5.0,101.1310224533081,800,29561.10306572914,1.4133749726141787e-09,0.6307449340820312,0.0,800,0.005504470334946943,0.7354932709869177,-28.57375
-50.0,-0.002097677905112505,1.6730785,1.6732703,0.4491415023803711,99.05735921859741,7.514422,19.064450979232788,1.0852715969085693,233.28939843177795,7.51504,0.948213484206941,1835.4408,-48.0,-43.38625,8.25778411182443,1834.3069,1.5565853118896484,0.00972567405551672,4.179959442087926,-23.0,-5.0,101.389577627182,800,29794.39590525627,1.987815023696271e-09,0.628831148147583,0.0,800,0.0020976798929275287,0.6863553268575666,-28.46125
-50.0,-0.0031388953793793917,1.6774694,1.677183,0.4397861957550049,97.4192955493927,7.5300274,18.603843450546265,1.0092384815216064,229.52644443511963,7.5298376,0.9650683932432823,1862.803,-48.0,-44.805,7.633347479972334,1863.1565,1.5484092235565186,0.00875100214034319,3.513826262068175,-27.0,-5.0,99.88743233680725,800,30023.926784992218,-3.1173228443037715e-09,0.6364939212799072,0.0,800,0.0031388922620565474,0.6853146140157929,-27.2225
-50.0,-0.002774838823825121,1.6878016,1.6888541,0.44280481338500977,97.97593092918396,7.550642,18.723090410232544,1.0349769592285156,230.97027730941772,7.5528197,0.9722155536403266,1906.1099,-50.0,-45.52625,8.195051765394775,1901.9634,1.5488519668579102,0.0063440194353461266,3.107540979214916,-29.0,-5.0,100.67397809028625,800,30254.900530338287,5.006789427497438e-10,0.6410949230194092,0.0,800,0.0027748393245040637,0.6942830450540782,-28.95125
-50.0,-0.00775573868304491,1.7120035,1.7129502,0.44816112518310547,98.68885684013367,7.599181,19.6331307888031,1.057143211364746,233.10477495193481,7.6017,0.9675179644290984,2001.5953,-47.0,-44.97375,7.28040349156556,1996.5604,1.5650949478149414,0.009833812713623047,3.3727675486905406,-26.0,-7.0,101.06461310386658,800,30488.008780241013,2.071261606673147e-09,0.6403429508209229,0.0,800,0.007755740754306517,0.7143603128333063,-27.365
-50.0,-0.007722696755081415,1.7296102,1.7301735,0.45509839057922363,99.54120254516602,7.6380305,19.627716541290283,1.0641164779663086,234.88289308547974,7.6398883,0.9754379780956105,2079.5115,-49.0,-45.68,7.216735757944861,2075.6519,1.5402624607086182,0.009803571738302708,3.0491966155038286,-23.0,-5.0,101.93785548210144,800,30722.895015478134,-1.6331671570668505e-09,0.631108283996582,0.0,800,0.007722695121914258,0.7496242106895932,-29.535
-50.0,-0.006170043256133795,1.7554402,1.7537524,0.4576268196105957,98.52524638175964,7.6930366,19.16097116470337,1.0534989833831787,233.5423367023468,7.6897006,0.9533328974530153,2185.72,-48.0,-43.64125,7.864413419798072,2193.0237,1.5825831890106201,0.007210960611701012,4.04537370801512,-24.0,-6.0,102.15456748008728,800,30956.440670728683,-1.8805266233101747e-09,0.6443452835083008,0.0,800,0.0061700413756071715,0.7003261161645699,-27.90125
-50.0,-0.006335683166980743,1.7709407,1.7709092,0.46143245697021484,98.56374883651733,7.72925,19.18953800201416,1.0204439163208008,233.73124146461487,7.7296295,0.9628427749581825,2274.7593,-48.0,-44.4825,8.008929001433337,2273.896,1.5887064933776855,0.008921418339014053,3.5209648890609517,-29.0,-5.0,102.45830082893372,800,31190.175288915634,-3.4473834897852385e-09,0.6584432125091553,0.0,800,0.006335679719597254,0.7019941459793602,-28.6925
-50.0,-0.003520478028804064,1.7940958,1.7938465,0.44803833961486816,98.538339138031,7.7774124,19.498382568359375,1.0324578285217285,232.04178929328918,7.7773266,0.9616758227888145,2385.8877,-49.0,-44.26625,7.4506743612575095,2386.0925,1.520601749420166,0.00803406536579132,3.6170237678926025,-30.0,-4.0,100.2871105670929,800,31422.220437526703,6.148218822943363e-09,0.6300008296966553,0.0,800,0.0035204841770228867,0.6918992902891855,-26.64125
-50.0,-0.005039052572101355,1.8177285,1.8176621,0.4495663642883301,97.99861669540405,7.822014,19.799179315567017,1.0695390701293945,232.51256656646729,7.823028,0.9705144002570554,2497.4565,-50.0,-45.0075,7.613462480205705,2494.9248,1.5819892883300781,0.005466028582304716,3.2634251561817686,-29.0,-8.0,101.23103880882263,800,31654.73636174202,-6.407496755400643e-11,0.6506557464599609,0.0,800,0.005039052508026387,0.6942703391230787,-27.51375
-50.0,-0.00345582515001297,1.8317397,1.8322082,0.46666789054870605,98.18694496154785,7.8473577,19.683035612106323,1.01102876663208,232.6651451587677,7.8493366,0.9666734904788249,2564.0327,-45.0,-44.59125,7.0734428498433495,2558.9639,1.579820156097412,0.008553559891879559,3.401716248822056,-29.0,-7.0,101.1959159374237,800,31887.404903411865,3.571808404601029e-09,0.6487946510314941,0.0,800,0.0034558287218213746,0.7189344879482455,-27.2375
-50.0,-0.0076711950823664665,1.8324544,1.8331776,0.44902539253234863,98.32012963294983,7.849228,19.995948314666748,1.0550670623779297,234.301362991333,7.851797,0.9758138277990105,2570.3494,-47.0,-45.80125,7.684146016311767,2563.7542,1.5826849937438965,0.007270046975463629,3.03426242067162,-31.0,-3.0,102.30118751525879,800,32121.70964884758,-2.8982755084783207e-10,0.6660082340240479,0.0,800,0.007671194792538916,0.7095721055628298,-28.58
-50.0,-0.006834793835878372,1.8503785,1.8506258,0.44884395599365234,99.31002283096313,7.8949375,19.431660413742065,1.0589656829833984,235.35669207572937,7.8964157,0.9763363735146934,2687.6318,-48.0,-45.82125,7.5932124295320484,2683.6619,1.5613317489624023,0.009910425171256065,2.9413939616277176,-32.0,-6.0,102.83170294761658,800,32357.070781469345,-9.521842203596975e-10,0.6414840221405029,0.0,800,0.006834792883694152,0.6883621290818535,-26.275
-50.0,-0.00601845420897007,1.8666072,1.8673083,0.45728564262390137,98.9295928478241,7.9286213,20.039771556854248,1.0329391956329346,234.50074243545532,7.929963,0.9600805236694048,2779.3242,-50.0,-44.00625,7.980011650210794,2775.5974,1.5384564399719238,0.006978064775466919,3.7260852026624405,-29.0,-5.0,102.03941249847412,800,32591.57563638687,9.53674250681047e-10,0.6337234973907471,0.0,800,0.0060184551626443206,0.6914459377047217,-27.94375
-50.0,-0.005499946419149637,1.8595793,1.8600007,0.44501352310180664,96.8970696926117,7.9101334,20.158274173736572,1.0492308139801025,232.86462688446045,7.911173,0.9657712061136664,2727.5876,-46.0,-44.73,6.828909022494003,2724.754,1.5499470233917236,0.0065934606827795506,3.4995856897638613,-30.0,-4.0,102.26997661590576,800,32824.443610429764,2.183020431090199e-09,0.6407215595245361,0.0,800,0.005499948602170068,0.7096349157532914,-25.33875
-50.0,-0.0055486420169472694,1.8549879,1.8555838,0.44960498809814453,97.31711792945862,7.9069366,19.348108768463135,1.0547633171081543,231.28042078018188,7.908952,0.9634766298806723,2721.5374,-50.0,-44.5675,7.136518759171029,2716.0574,1.5561704635620117,0.0067859552800655365,3.62704338959434,-28.0,-5.0,101.01071190834045,800,33055.72737932205,-1.1213128342513201e-10,0.6344916820526123,0.0,800,0.005548641904815986,0.6984001151097038,-25.74
-50.0,-0.005518668331205845,1.8604354,1.8609766,0.443939208984375,97.78704333305359,7.926546,19.978675842285156,1.026489019393921,231.72991704940796,7.9274397,0.9607055753292926,2772.3198,-48.0,-44.27,8.464927642927611,2769.8435,1.5235090255737305,0.008634068071842194,3.7579382645275055,-26.0,-2.0,100.44601798057556,800,33287.460720300674,-1.2144447669726333e-09,0.6295170783996582,0.0,800,0.005518667116761078,0.6410000914764302,-26.3
-50.0,-0.005997765809297562,1.8684516,1.8685727,0.44426536560058594,98.78254532814026,7.9433064,20.474473476409912,1.055140733718872,235.26723766326904,7.944337,0.9646334035732018,2819.5623,-49.0,-44.48375,8.085239637759663,2816.6582,1.5756120681762695,0.008510059677064419,3.6207369329323,-27.0,-5.0,102.39872360229492,800,33522.73256421089,-2.6419759713292024e-09,0.6482598781585693,0.0,800,0.00599776316732159,0.6798897173830113,-25.83
-50.0,-0.004680137149989605,1.9066914,1.9081397,0.4825730323791504,103.44639801979065,8.024641,23.59570837020874,1.03682279586792,243.47988748550415,8.027813,0.9510398931142453,3065.031,-47.0,-43.0575,7.88254360914039,3055.3245,1.5374600887298584,0.005572064779698849,4.178420006413908,-21.0,-3.0,102.44643068313599,800,33766.21820020676,-3.109871915540907e-09,0.6423161029815674,0.0,800,0.004680134040117689,0.6652703038919459,-25.9775
-50.0,-0.007002904079854488,1.9200151,1.9203432,0.4700305461883545,100.49443793296814,8.04229,20.48810338973999,1.0517055988311768,238.3739755153656,8.043198,0.9540755190246332,3112.55,-48.0,-43.40625,8.097591366418783,3109.7256,1.578690767288208,0.009164135903120041,4.069239601878955,-20.0,-5.0,103.51009249687195,800,34004.596871852875,1.7970801513556012e-09,0.6534628868103027,0.0,800,0.00700290587693464,0.6556582011495706,-25.29625
-50.0,-0.005556080024689436,1.9215809,1.9217187,0.46164655685424805,100.51353693008423,8.057084,20.85835886001587,1.0103254318237305,238.3494918346405,8.056852,0.961818854408839,3155.3425,-46.0,-44.45875,7.850377279946487,3156.074,1.5958914756774902,0.007153290789574385,3.879858043472725,-26.0,-6.0,103.29638075828552,800,34242.94975113869,2.1368267155708054e-09,0.6547231674194336,0.0,800,0.0055560821615161515,0.6747524463282181,-25.62875
-50.0,-0.006356972269713879,1.9446397,1.9447826,0.47470808029174805,100.47454929351807,8.099464,20.904479503631592,1.0712854862213135,239.56035709381104,8.099373,0.9569112360935929,3292.4026,-47.0,-43.61125,7.395457959957585,3292.704,1.6067774295806885,0.007050656713545322,3.965806782673609,-23.0,-6.0,104.31236958503723,800,34482.51704645157,-2.1383166348698524e-09,0.6628046035766602,0.0,800,0.006356970131397244,0.6859170739743908,-25.37875
-50.0,-0.00755713228136301,1.9751029,1.9757996,0.4821491241455078,104.28895235061646,8.159735,21.731128215789795,1.1050090789794922,245.62842917442322,8.161613,0.9461632057774599,3503.8354,-49.0,-43.06125,8.347826719422248,3497.2588,1.618711233139038,0.009693820029497147,4.461221630618681,-12.0,-5.0,105.4067051410675,800,34728.14990282059,-8.478764357278123e-10,0.6799271106719971,0.0,800,0.007557131433486575,0.6539091929104031,-26.60625
-50.0,-0.0029768042732030153,1.9966699,1.9964877,0.4661223888397217,104.71635508537292,8.203446,21.897733211517334,1.18605375289917,249.60296082496643,8.2037115,0.9449622578086473,3654.4888,-48.0,-42.45375,7.955027400172799,3653.52,1.6694579124450684,0.006661728024482727,4.425535101826671,-18.0,-3.0,108.89581298828125,800,34977.75627374649,4.947186549308924e-10,0.6935803890228271,0.0,800,0.0029768047679216703,0.6917650243420224,-25.89375
-50.0,-0.0062133753672242165,2.012897,2.0125642,0.4629688262939453,100.48152709007263,8.232757,20.89551305770874,1.0020465850830078,237.29367566108704,8.231937,0.9426544817393662,3759.1096,-49.0,-42.305,7.699609466557378,3762.1904,1.595592975616455,0.008134826086461544,4.335836136202566,-22.0,-2.0,102.38282704353333,800,35215.054778814316,-2.1606685329800257e-09,0.659299373626709,0.0,800,0.0062133732065556835,0.698504291628171,-27.38375
-50.0,-0.004602392669767141,2.0400739,2.0410476,0.47328853607177734,101.4389157295227,8.279817,21.819982290267944,1.0484211444854736,242.95403218269348,8.28195,0.9490876950596376,3951.893,-50.0,-42.74625,8.209715947430825,3943.4712,1.6371712684631348,0.008713260293006897,4.049921102626569,-27.0,-4.0,105.92519092559814,800,35458.01234769821,8.180738864105308e-10,0.6687612533569336,0.0,800,0.004602393487841028,0.6638874715538627,-26.16375
-50.0,-0.005079901777207851,2.0677915,2.0703022,0.4733006954193115,101.571293592453,8.321502,21.798601150512695,1.0856719017028809,243.0562379360199,8.326094,0.9481012140552418,4130.252,-44.0,-42.64,6.992606698327885,4111.3296,1.6300711631774902,0.007290970534086227,4.229704481402926,-22.0,-5.0,105.67014360427856,800,35701.07269239426,8.881093083168423e-10,0.6820404529571533,0.0,800,0.00507990266531716,0.7195409869964106,-25.44125
-50.0,-0.00462055578827858,2.0807576,2.08069,0.46149349212646484,102.3871123790741,8.348245,21.52537703514099,1.0200393199920654,242.52993845939636,8.347998,0.9536089635233744,4221.7188,-45.0,-43.38875,7.478341122033683,4222.7617,1.626979112625122,0.009428869001567364,3.973678829183355,-21.0,-3.0,104.64587116241455,800,35943.60732841492,-2.701580736896858e-09,0.6775157451629639,0.0,800,0.004620553086697843,0.6937038658937293,-24.85625
-50.0,-0.006497422698885202,2.1392722,2.1387753,0.47513890266418457,105.81020522117615,8.43939,21.242429494857788,1.1289987564086914,248.3183786869049,8.438706,0.9491469576267618,4622.5713,-48.0,-42.18625,7.312401174545882,4625.7334,1.6696560382843018,0.006680145859718323,4.152897896349006,-25.0,-6.0,106.98892164230347,800,36191.92929673195,-3.7208196523863535e-09,0.6809055805206299,0.0,800,0.00649741897806555,0.6879022629711791,-25.99375
-50.0,-0.004425750579684973,2.1574655,2.1561217,0.4682154655456543,101.34705877304077,8.470475,22.010716199874878,1.0478262901306152,244.07035160064697,8.468363,0.9476162100019646,4761.7134,-45.0,-42.69625,6.670943992419664,4771.782,1.647334337234497,0.006840358022600412,4.171808473252337,-23.0,-3.0,106.58167052268982,800,36436.004281282425,-1.8537047452582556e-09,0.6848154067993164,0.0,800,0.0044257487259802275,0.7164839394842417,-25.7975
-50.0,-0.0010574351763352752,2.1897905,2.1878414,0.4760258197784424,103.15552115440369,8.537818,21.931572437286377,1.084501028060913,245.59856843948364,8.534694,0.9540968957341788,5088.273,-46.0,-43.14625,7.559141713018747,5104.195,1.6378889083862305,0.004979269113391638,4.02055480468803,-23.0,-5.0,106.29162573814392,800,36681.606239557266,2.137571675220329e-09,0.6918249130249023,0.0,800,0.0010574373139069504,0.6952168924891653,-25.25125
-50.0,-0.0052283527329564095,2.2122233,2.2106037,0.46884989738464355,103.35535621643066,8.570319,21.88694739341736,1.0481526851654053,246.0422523021698,8.567943,0.9446552048074875,5260.2964,-48.0,-42.69,7.520679719114489,5272.8125,1.6475787162780762,0.007010016590356827,4.397033090619173,-23.0,-2.0,106.5925714969635,800,36927.65191292763,1.1995433535361144e-09,0.7035987377166748,0.0,800,0.005228353932499763,0.6919945774417318,-24.74875
-50.0,-0.005705113522708416,2.2143972,2.2150495,0.45729613304138184,101.83162903785706,8.574919,22.100387811660767,1.1154577732086182,245.62162971496582,8.575729,0.9540019143687394,5301.4165,-46.0,-43.025,7.1110827893858755,5297.121,1.6545555591583252,0.006654189433902502,4.083120742765269,-25.0,-4.0,107.53597593307495,800,37173.27692651749,-4.382431306737544e-09,0.6850507259368896,0.0,800,0.005705109140277109,0.6843262958401215,-24.93875
-50.0,-0.006591138895601034,2.2135541,2.2137675,0.4604451656341553,102.11224031448364,8.572908,22.091429233551025,1.158555507659912,243.4307563304901,8.573705,0.9434285623893977,5290.694,-45.0,-41.93375,7.715009620052331,5286.483,1.6218583583831787,0.009018403477966785,4.538927289294244,-13.0,-3.0,105.05549335479736,800,37416.711327552795,-2.8267499452283573e-09,0.6608641147613525,0.0,800,0.006591136068851089,0.690122753214581,-25.88875
-50.0,-0.00545210437849164,2.236813,2.2364905,0.47803211212158203,103.44084048271179,8.608825,22.051348209381104,1.073056936264038,248.15726041793823,8.608299,0.9318784323099392,5476.926,-47.0,-40.66,8.00014648303392,5479.8047,1.6616673469543457,0.007974348030984402,4.6906182961311185,-19.0,-3.0,108.41379928588867,800,37664.871947050095,-3.874302212381053e-09,0.694774866104126,0.0,800,0.005452100504189428,0.6780584089458234,-25.8125
-50.0,-0.005545414052903652,2.28607,2.2848427,0.459425687789917,102.89840698242188,8.681204,22.349416255950928,1.0895438194274902,244.86017990112305,8.679936,0.9382326585187737,5883.6724,-47.0,-41.305,7.6786952627057685,5891.1343,1.6392741203308105,0.009730076417326927,4.451064479425119,-21.0,-4.0,105.2665057182312,800,37909.736934900284,6.929017082324407e-11,0.6791903972625732,0.0,800,0.005545414122193823,0.6749920681040211,-26.14625
-50.0,-0.0013959092320874333,2.3091152,2.3087711,0.4658794403076172,102.387699842453,8.7207775,22.135947942733765,1.1138458251953125,243.42062067985535,8.720339,0.9384658271107721,6126.2544,-45.0,-41.66875,7.351159666168325,6128.9424,1.6157658100128174,0.009831758216023445,4.403296882734572,-25.0,-2.0,104.711101770401,800,38153.16213321686,3.8146968917018853e-10,0.6714308261871338,0.0,800,0.0013959096135571225,0.6771344855919719,-24.95875
-50.0,-0.006356836296617985,2.321095,2.321458,0.4530832767486572,99.2373480796814,8.734636,21.993091583251953,1.0642387866973877,238.91636157035828,8.735838,0.9625647929512351,6221.946,-45.0,-43.89375,6.9172230699898645,6214.4736,1.6380879878997803,0.009940087795257568,3.717520805254491,-26.0,-6.0,103.90452170372009,800,38392.08290886879,-1.3828278522254323e-09,0.6897933483123779,0.0,800,0.0063568349137901325,0.7063477157404547,-25.295
-50.0,-0.005718928761780262,2.3500063,2.3501236,0.4540557861328125,97.17686557769775,8.769335,21.431602716445923,1.0157580375671387,233.09914755821228,8.770522,0.9601449878599747,6441.5347,-49.0,-43.34375,7.847352160920268,6433.891,1.556943655014038,0.00861401204019785,3.97656710461423,-22.0,-6.0,100.92395901679993,800,38625.18557929993,-6.288288223466054e-10,0.6590321063995361,0.0,800,0.00571892813295144,0.6582848612673915,-25.12375
-50.0,-0.007731683552265167,2.3672562,2.367832,0.4423048496246338,97.0905487537384,8.7700205,21.415019273757935,1.0540549755096436,230.78843331336975,8.77045,0.9517508880784818,6441.068,-46.0,-42.5975,7.45469650623015,6438.304,1.4872746467590332,0.009505032561719418,4.267082580639845,-28.0,-4.0,98.84072780609131,800,38855.97823929787,-2.8923152761706206e-09,0.6228652000427246,0.0,800,0.007731680659949891,0.6621582556824026,-24.6
-50.0,-0.005919669754803181,2.3689868,2.3698359,0.44219541549682617,97.65195322036743,8.778373,24.444166660308838,1.0312516689300537,236.79676342010498,8.779148,0.941076580448214,6497.34,-49.0,-41.755,7.413467053275411,6492.304,1.5187921524047852,0.00970739871263504,4.311319403616484,-24.0,-5.0,101.15425753593445,800,39092.77834105492,-5.5670739129709546e-09,0.6352119445800781,0.0,800,0.005919664187729268,0.6727359288722887,-24.3975
-50.0,-0.005299418233335018,2.4268315,2.425932,0.43477487564086914,95.77090764045715,8.854758,20.815419673919678,1.0160210132598877,229.62120914459229,8.853861,0.937545480938889,7001.368,-48.0,-41.2875,7.505649538847387,7007.654,1.4989266395568848,0.0063693225383758545,4.605143184527491,-23.0,-2.0,99.48176383972168,800,39322.40302014351,-3.2469629207554362e-09,0.634453296661377,0.0,800,0.005299414986372097,0.660229737466733,-24.235
-50.0,-0.002971836132928729,2.444359,2.442156,0.4553868770599365,97.38888502120972,8.866057,21.358057975769043,0.9907503128051758,231.42186379432678,8.863375,0.9297166057077957,7068.296,-49.0,-40.54,7.5744818304620685,7087.2837,1.5410950183868408,0.006707905791699886,4.649559118884284,-20.0,-4.0,99.22401809692383,800,39553.828412771225,-1.989304720950713e-09,0.6378705501556396,0.0,800,0.002971834143624008,0.6683533824584789,-24.335
-50.0,-0.006034527439624071,2.4552028,2.4550288,0.4318232536315918,96.64669680595398,8.872696,21.470964431762695,1.0183072090148926,232.2621705532074,8.873004,0.9428683646917979,7136.687,-46.0,-41.77625,8.065975510593868,7134.4893,1.4894523620605469,0.007592440117150545,4.317833477277697,-23.0,-5.0,100.7257616519928,800,39786.0949678421,-5.111097101107021e-10,0.6425509452819824,0.0,800,0.006034526928514361,0.6603243816581146,-25.69375
-50.0,-0.003739240812137723,2.4844549,2.483448,0.43599677085876465,96.61024832725525,8.903457,21.416112422943115,1.0060157775878906,231.7275013923645,8.902297,0.9334582279883095,7348.8345,-46.0,-41.0225,7.453679879764088,7357.362,1.502551794052124,0.00663088308647275,4.482967069921438,-21.0,-3.0,100.5923342704773,800,40017.825867414474,-2.679974020480813e-09,0.6289827823638916,0.0,800,0.0037392381321637025,0.6769172258924882,-25.0125
-50.0,-0.004400249570608139,2.522591,2.5212283,0.44098401069641113,97.55476331710815,8.962342,21.530762434005737,1.0247795581817627,233.62073302268982,8.96082,0.9284504420255542,7791.7456,-44.0,-40.58,7.576567494584866,7803.6143,1.497361660003662,0.008875206112861633,4.7627303093918725,-18.0,-3.0,101.0989158153534,800,40251.45113706589,4.203617454123787e-09,0.6292593479156494,0.0,800,0.004400253774225593,0.6603345728819641,-23.775
-50.0,-0.0051374053582549095,2.5264843,2.5273345,0.44259095191955566,97.28298497200012,8.969146,21.525203704833984,1.0044167041778564,231.80000257492065,8.970398,0.9512993496039256,7866.7314,-47.0,-42.59375,7.4028220970113825,7856.887,1.5278778076171875,0.006748072803020477,4.063091303121307,-25.0,-3.0,99.64539194107056,800,40483.25445270538,-4.7616661724703135e-09,0.6356115341186523,0.0,800,0.005137400596588737,0.6648776700836979,-23.865
-50.0,-0.0040715886279940605,2.532027,2.5328612,0.44149041175842285,97.04778051376343,8.978095,21.783718585968018,1.0114715099334717,232.16099309921265,8.979201,0.9504717292767041,7936.291,-47.0,-42.6275,7.302892299459167,7927.516,1.4783220291137695,0.005251303315162659,4.102894557504494,-26.0,-3.0,100.18777441978455,800,40715.41876554489,-1.311302066930864e-09,0.6268622875213623,0.0,800,0.004071587316691994,0.6514409907154971,-23.51625
-50.0,-0.0048708245158195496,2.5629997,2.5607634,0.44312024116516113,97.08776068687439,9.019957,21.882877349853516,0.9853906631469727,232.33324885368347,9.017438,0.9412666280233088,8245.624,-47.0,-41.50375,8.322775979203092,8266.418,1.5256834030151367,0.009229096584022045,4.234381411434261,-24.0,-2.0,99.97415709495544,800,40947.75534963608,-1.780688707597733e-09,0.6320135593414307,0.0,800,0.004870822735130842,0.6460590143783872,-24.83
-50.0,-0.005485419183969498,2.6085513,2.6079319,0.44024109840393066,96.58726167678833,9.083803,21.662885427474976,1.0328943729400635,231.90354871749878,9.082913,0.9312701845120479,8803.577,-43.0,-40.62,6.476185219710752,8811.414,1.5334913730621338,0.009227174334228039,4.622834628234067,-19.0,-6.0,100.21118378639221,800,41179.66246557236,4.871189673849585e-09,0.6396925449371338,0.0,800,0.0054854240551591715,0.6883690414701336,-23.095
-50.0,-0.003223589388653636,2.6535716,2.6514168,0.44067907333374023,97.97841238975525,9.146464,21.766403198242188,1.0360193252563477,233.57005429267883,9.144566,0.9276349629270604,9363.417,-43.0,-40.0325,6.843700456441677,9381.213,1.4929683208465576,0.006741087883710861,4.6107422124859685,-20.0,-3.0,100.2949538230896,800,41413.23683309555,3.097951450925507e-09,0.6378259658813477,0.0,800,0.003223592486605087,0.6964614739900278,-23.31625
-50.0,-0.006131263915449381,2.6787539,2.677319,0.4359431266784668,97.09898328781128,9.18638,22.239708423614502,1.005039930343628,232.53884148597717,9.185266,0.9360534011394468,9752.369,-47.0,-40.8225,8.925395999618168,9763.248,1.511775255203247,0.0070249298587441444,4.612319779677034,-20.0,-2.0,99.78933310508728,800,41645.779225349426,4.111230023085e-09,0.633129358291626,0.0,800,0.006131268026679404,0.6204800883010939,-24.3425
-50.0,-0.004824907518923283,2.7023509,2.701416,0.44933652877807617,99.22821831703186,9.191697,22.237184286117554,1.051501989364624,234.6840455532074,9.190704,0.9332234742372042,9805.555,-46.0,-40.79625,7.1685701808310425,9815.295,1.4809682369232178,0.007581628393381834,4.48494547765076,-24.0,-3.0,99.82881474494934,800,41880.466619729996,1.0922548421277156e-09,0.6284677982330322,0.0,800,0.004824908611178125,0.6681863891650259,-23.18125
-50.0,-0.0039564636535942554,2.7146313,2.7143307,0.45340752601623535,99.10857462882996,9.195771,22.520492553710938,1.0025603771209717,236.073100566864,9.195422,0.9336700013070928,9851.925,-49.0,-40.935,7.614489066903963,9855.364,1.5293190479278564,0.006984327919781208,4.7987784904077415,-20.0,-3.0,100.74614357948303,800,42116.54412341118,-7.979572558269865e-10,0.6439120769500732,0.0,800,0.003956462855637,0.6692766188293617,-24.4325
-50.0,-0.0066138505935668945,2.7435696,2.742849,0.4514188766479492,99.12794351577759,9.21711,22.968489170074463,1.0346579551696777,239.9102077484131,9.216575,0.9362301356972806,10062.538,-45.0,-41.115,7.359466586478941,10067.923,1.5722160339355469,0.007451026700437069,4.703379104431196,-22.0,-4.0,102.07628393173218,800,42356.45776844025,2.142786836856203e-09,0.641101598739624,0.0,800,0.006613852736353731,0.6674402862808264,-23.76125
-50.0,-0.004949655383825302,2.7529573,2.752719,0.45325660705566406,98.36085844039917,9.22162,23.227365970611572,1.0409998893737793,237.90845012664795,9.220786,0.9284983578379127,10105.005,-47.0,-40.46,7.085578553477478,10113.431,1.5939548015594482,0.00776447681710124,4.887320329178353,-17.0,-4.0,102.76981592178345,800,42594.37044739723,2.025812850803277e-09,0.689324140548706,0.0,800,0.004949657409638153,0.6941638517656231,-24.09125
-50.0,-0.005676754284650087,2.8025103,2.802468,0.4493834972381592,98.15646123886108,9.274254,22.899329900741577,1.023866891860962,235.98317766189575,9.273689,0.9242810437861217,10653.985,-47.0,-39.9875,7.245763848622173,10660.002,1.5307948589324951,0.007781294174492359,4.7968576954085265,-21.0,-4.0,101.1635673046112,800,42830.3569047451,-6.91711932176986e-09,0.6490988731384277,0.0,800,0.005676747367530766,0.6675493203647282,-23.4625
-50.0,-0.004345723427832127,2.8098638,2.8082254,0.4533853530883789,98.71285820007324,9.281412,23.646573781967163,1.0650219917297363,237.97346568107605,9.280393,0.9324679030548242,10725.643,-46.0,-40.3675,7.240068628818376,10736.583,1.577988862991333,0.008721793070435524,4.6254668683279965,-17.0,-2.0,101.94507455825806,800,43068.33460879326,3.766268186211619e-09,0.653803825378418,0.0,800,0.004345727194100313,0.6499684926670444,-23.0375
-50.0,-0.005067526828497648,2.852562,2.851071,0.4443957805633545,98.72025203704834,9.325148,23.476414680480957,1.0402472019195557,238.1172821521759,9.323324,0.9069964785383506,11196.139,-45.0,-39.1475,7.301999298137463,11216.572,1.5787773132324219,0.0065365866757929325,5.748107840846412,-18.0,-4.0,102.35275053977966,800,43306.455876111984,1.448393072145393e-09,0.6598122119903564,0.0,800,0.00506752827689072,0.6539541065832443,-22.1825
-50.0,-0.00824971217662096,2.8709753,2.8697937,0.4423394203186035,98.19138431549072,9.354079,22.96691632270813,1.0083627700805664,235.2927691936493,9.353839,0.9371569805889992,11543.052,-49.0,-41.03125,7.451971215725407,11545.826,1.542039155960083,0.009978597983717918,4.533516674448215,-21.0,-4.0,100.71138453483582,800,43541.75270175934,-2.8312202582370105e-10,0.6537384986877441,0.0,800,0.008249711893498934,0.6604784803273658,-23.425
-50.0,-0.0055001480504870415,2.9424067,2.9405186,0.44687485694885254,97.48732376098633,9.441217,23.118130683898926,1.0077815055847168,234.07855224609375,9.440592,0.9237773451387189,12589.165,-46.0,-39.6475,7.157791973611695,12597.044,1.5017116069793701,0.00810614787042141,4.741386268803671,-21.0,-2.0,99.97410821914673,800,43775.83556509018,6.720425327344515e-10,0.6291682720184326,0.0,800,0.005500148722529574,0.6662655983189502,-23.38375
-50.0,-0.0070051029324531555,2.9687886,2.9683375,0.48048853874206543,105.62701988220215,9.466005,23.56471085548401,1.101618766784668,245.43487691879272,9.465211,0.9263195205672901,12902.945,-44.0,-40.2625,7.5120066393740625,12913.2,1.5496065616607666,0.009409844875335693,5.007104327852576,-15.0,-3.0,101.67909264564514,800,44021.273809194565,1.225620493983115e-09,0.6430182456970215,0.0,800,0.0070051041580736495,0.6597342655186385,-22.6725
-50.0,-0.005180756561458111,3.0001743,2.999928,0.49068593978881836,115.63882350921631,9.5039835,29.93510627746582,1.0977683067321777,268.1408233642578,9.50483,0.9341850219272022,13424.415,-45.0,-40.56875,7.601347639563658,13413.052,1.5590014457702637,0.006790917832404375,4.6497605785136935,-20.0,-4.0,108.63609528541565,800,44289.42025780678,2.9355282094023494e-10,0.6658360958099365,0.0,800,0.005180756855010932,0.6458842369098821,-22.58375
-50.0,-0.006468816660344601,2.990948,2.990384,0.5188984870910645,120.79846525192261,9.507525,24.681301593780518,1.1301829814910889,265.2268400192261,9.507771,0.9164203324536984,13463.943,-47.0,-39.19625,8.097913986793142,13460.644,1.5092053413391113,0.009379681199789047,5.089964237349807,-18.0,-4.0,105.98671174049377,800,44554.65203213692,1.6853212159162467e-09,0.6407146453857422,0.0,800,0.006468818345665817,0.6176505303411779,-22.80625
-50.0,-0.004941959865391254,3.0535283,3.050983,0.462465763092041,110.39343190193176,9.5721035,35.65362882614136,1.7261207103729248,280.88749718666077,9.568993,0.910240448525206,14313.989,-47.0,-38.045,8.335340424961657,14358.588,1.6989850997924805,0.006699258461594582,5.166766396886935,-19.0,-2.0,120.03398895263672,800,44835.54411792755,9.61128954202195e-11,0.7108089923858643,0.0,800,0.00494195996150415,0.6198889442265949,-23.36
-50.0,-0.006099271588027477,3.0832448,3.0802386,0.45699310302734375,102.73869490623474,9.611567,22.87592577934265,1.1143875122070312,243.97825598716736,9.607759,0.9163502025639506,14879.794,-45.0,-38.67875,7.42040430165365,14936.551,1.5045125484466553,0.00843479298055172,4.949550326797375,-15.0,-2.0,104.70249009132385,800,45079.52600765228,-3.473460852276844e-09,0.6384198665618896,0.0,800,0.006099268114566625,0.665208280912047,-23.01
-49.0,-0.0036362805403769016,3.1431615,3.1428983,0.46871280670166016,106.7132420539856,9.675224,25.07834792137146,1.1369237899780273,257.55672883987427,9.674855,0.902535732256286,15912.42,-44.0,-37.95875,7.317167741004712,15918.294,1.6043450832366943,0.008031824603676796,5.413829369078785,-15.0,-4.0,111.65060687065125,800,45337.087641716,-1.4275313153788716e-09,0.6775689125061035,0.0,800,0.0036362791128455862,0.6323044172632004,-22.2675
-47.0,-0.0025655522476881742,3.2220528,3.2191923,0.4658243656158447,105.92930316925049,9.779007,23.819856882095337,1.057044267654419,252.0975775718689,9.775448,0.8830891829056211,17596.37,-42.0,-35.875,7.4319621189494764,17659.107,1.5827183723449707,0.0045766327530145645,5.922151213874904,-12.0,-3.0,108.44379353523254,800,45589.18941068649,-1.2904405322089474e-09,0.6561343669891357,0.0,800,0.002565550957247642,0.6707409998890898,-23.37375
-48.0,-0.004702276084572077,3.264828,3.2603078,0.4503655433654785,102.40009880065918,9.831881,23.455723524093628,1.076350212097168,244.3136670589447,9.827744,0.8785629757373402,18541.07,-46.0,-35.37625,7.1386026950307295,18617.934,1.5062456130981445,0.007749139331281185,5.788539188560444,-12.0,-3.0,104.75542974472046,800,45833.50740933418,4.553794674677647e-09,0.6350200176239014,0.0,800,0.0047022806383667515,0.653613403445217,-21.71875
-48.0,-0.007294042501598597,3.2641993,3.2608457,0.4688224792480469,106.78202557563782,9.811399,24.72994875907898,1.251241683959961,254.4134156703949,9.808047,0.8900928278513428,18179.453,-43.0,-36.44875,7.128742876552639,18240.496,1.5604832172393799,0.006806410849094391,5.438968048950095,-16.0,-5.0,108.64255237579346,800,46087.924278736115,-7.480382535618446e-09,0.6741423606872559,0.0,800,0.007294035021216061,0.6442630523081861,-21.855
-50.0,-0.006088178604841232,3.2624831,3.2606397,0.44376707077026367,101.21573114395142,9.802205,25.05152678489685,1.0743176937103271,246.4632637500763,9.800225,0.895675902444668,18037.809,-40.0,-37.04375,6.538074903020001,18073.555,1.5290248394012451,0.007444625720381737,5.563437421010503,-14.0,-3.0,106.70641565322876,800,46334.39208340645,-3.913044999137583e-09,0.6430373191833496,0.0,800,0.006088174691796233,0.6687160595762294,-21.22875
-50.0,-0.005713601130992174,3.2750466,3.2737114,0.44532299041748047,101.37425088882446,9.818098,22.998231172561646,1.1037266254425049,241.1432671546936,9.816512,0.9067761084092101,18333.992,-47.0,-38.3425,9.01742332584536,18363.092,1.4848122596740723,0.00990531500428915,5.475873788720848,-14.0,-3.0,103.29541492462158,800,46575.53905105591,1.0684134688077052e-09,0.6143515110015869,0.0,800,0.005713602199405643,0.5836198690766936,-22.22875
-49.0,-0.0006737265503033996,3.3136327,3.3116043,0.43281006813049316,101.10331892967224,9.847429,23.794602632522583,1.101531982421875,242.85586428642273,9.845755,0.8861237167285418,18878.041,-46.0,-36.6725,8.647705530225922,18909.682,1.495328664779663,0.003312606830149889,6.023515896052737,-8.0,-2.0,103.70943212509155,800,46818.399483919144,-5.546211490070618e-09,0.6322841644287109,0.0,800,0.0006737210040919095,0.6314333974892974,-24.12625
-47.0,-0.005550749599933624,3.3327942,3.3304563,0.45529842376708984,105.59702181816101,9.864364,23.703303575515747,1.063236951828003,245.72614407539368,9.861982,0.8843021474988013,19186.887,-50.0,-36.65,7.992340082854333,19232.63,1.479659080505371,0.0072301095351576805,5.873670062235365,-10.0,-2.0,102.90173602104187,800,47064.129200696945,2.1457680077219266e-10,0.6239070892333984,0.0,800,0.005550749814510425,0.5851913403605689,-21.85
-48.0,-0.005932590924203396,3.3755605,3.373484,0.45708584785461426,106.68958473205566,9.907129,25.52708888053894,1.271385908126831,254.75418543815613,9.906221,0.8776692252336887,20054.752,-50.0,-36.14375,8.860541391472646,20072.967,1.5213267803192139,0.008576675318181515,6.071086059141313,-10.0,-3.0,108.55239200592041,800,47318.88672351837,-2.3886563838004804e-09,0.6346967220306396,0.0,800,0.005932588535547012,0.5892010908259828,-22.6825
-49.0,-0.0028667128644883633,3.4222183,3.4204528,0.46544671058654785,107.3464891910553,9.966346,24.358586311340332,1.1704230308532715,256.4901568889618,9.965106,0.8971558514436728,21271.129,-43.0,-37.62875,7.416933223206207,21297.518,1.5988824367523193,0.007615777663886547,5.5415181527718556,-13.0,-4.0,110.57715630531311,800,47575.3812289238,1.6480683484587644e-09,0.6792137622833252,0.0,800,0.0028667145125567117,0.6303303815267831,-21.38125
-50.0,-0.0065219043754041195,3.4795496,3.4788816,0.44434595108032227,104.34304523468018,10.008299,24.589271306991577,1.0767936706542969,252.40242052078247,10.00808,0.9070676245950963,22205.15,-45.0,-37.99375,7.1890107108002,22210.021,1.5715296268463135,0.008300114423036575,5.302943610627969,-17.0,-4.0,109.7206244468689,800,47827.78699374199,2.1547077455608132e-09,0.682774543762207,0.0,800,0.006521906530111865,0.6506705108354416,-21.875
-49.0,-0.005655177868902683,3.5564888,3.554373,0.47102952003479004,105.98548364639282,10.094683,24.873894929885864,1.0887079238891602,251.13378429412842,10.092275,0.8879554454897064,24155.676,-44.0,-36.55375,7.200930386936121,24213.914,1.5347611904144287,0.008334575220942497,5.889576465035495,-14.0,-2.0,106.55810332298279,800,48078.92554831505,7.256862333271386e-10,0.6465277671813965,0.0,800,0.005655178594588917,0.6460909827727428,-21.58125
-48.0,-0.005939661059528589,3.5780418,3.5749364,0.45463037490844727,103.76834630966187,10.141127,25.534891605377197,1.101048231124878,251.4790494441986,10.137561,0.8900194032041878,25274.742,-47.0,-36.90125,7.142635630493831,25365.027,1.5458216667175293,0.007498422171920538,6.167171023856887,-13.0,-2.0,108.19618725776672,800,48330.40923047066,6.029009735897262e-09,0.663853645324707,0.0,800,0.005939667088538325,0.6784350173569635,-22.0525
-50.0,-0.004660078324377537,3.6096492,3.6089492,0.4556429386138916,104.7400643825531,10.169699,24.98635768890381,1.0750415325164795,252.13581800460815,10.168237,0.8894084361391118,26062.082,-41.0,-37.175,6.92665864612946,26100.213,1.5565907955169678,0.007381263189017773,6.064806262363209,-12.0,-3.0,108.47610998153687,800,48582.548523426056,1.6912821143577617e-09,0.6640214920043945,0.0,800,0.004660080015659651,0.6274935167063709,-19.92
-49.0,-0.004428231623023748,3.6205258,3.6154854,0.435438871383667,104.3521785736084,10.191672,24.22024178504944,1.0916564464569092,250.39737129211426,10.186641,0.8775284955182495,26546.17,-42.0,-36.83,7.0523395940638025,26680.076,1.5372912883758545,0.0077422927133738995,6.22664436113064,-12.0,-3.0,107.81740307807922,800,48832.94951581955,-1.1160972146484482e-09,0.6427299976348877,0.0,800,0.004428230506926534,0.6223701539083695,-21.4025
-49.0,-0.004690411500632763,3.682773,3.6799023,0.47444725036621094,107.7157416343689,10.2441845,25.562108993530273,1.0586538314819336,257.498731136322,10.241431,0.8818101380955391,28041.23,-41.0,-36.78375,7.260784651124148,28118.541,1.552516222000122,0.006929280236363411,6.425884058828014,-12.0,-2.0,110.21605253219604,800,49090.452026844025,-3.186613195538257e-09,0.651190996170044,0.0,800,0.004690408314019567,0.6428201953041013,-20.7025
-48.0,-0.005667075049132109,3.7237246,3.7212527,0.4659423828125,108.72211480140686,10.298616,25.644928216934204,1.0609774589538574,257.8975214958191,10.296177,0.8625524078484731,29619.166,-45.0,-35.455,7.6422800099185055,29691.51,1.546086072921753,0.006515028420835733,6.745033357960508,-6.0,-4.0,109.50067257881165,800,49348.35406374931,-8.136035734018776e-10,0.6582489013671875,0.0,800,0.005667074235528535,0.6183575944353829,-22.2925
-48.0,-0.0055787875317037106,3.7831347,3.7794626,0.4558086395263672,109.02272033691406,10.350173,25.023375034332275,1.2578561305999756,259.5159339904785,10.347987,0.8484658049005182,31194.191,-50.0,-34.21,8.22418840980677,31262.451,1.5607569217681885,0.007751026190817356,6.799882351923451,-8.0,-2.0,111.18255972862244,800,49607.87340807915,-2.2634862872905614e-09,0.6466259956359863,0.0,800,0.005578785268217423,0.6233187277101171,-22.735
-48.0,-0.003865756094455719,3.847229,3.8443809,0.4549598693847656,105.68996596336365,10.395326,25.576253652572632,1.0686345100402832,255.37289333343506,10.392928,0.8481425778272478,32628.066,-42.0,-34.26875,7.1768307768819515,32706.387,1.5643401145935059,0.005225168075412512,6.590828736775065,-10.0,-4.0,110.1361734867096,800,49863.249870061874,-9.343027462804798e-10,0.6618707180023193,0.0,800,0.0038657551601529727,0.6266627219672025,-21.34
-48.0,-0.005079532507807016,3.86045,3.8576071,0.4571189880371094,107.8530113697052,10.417648,25.794564247131348,1.102771520614624,259.25792598724365,10.415579,0.8497897056138893,33375.55,-44.0,-34.0425,6.774835676051486,33444.69,1.6054096221923828,0.008726218715310097,6.524047344248813,-9.0,-3.0,111.47456169128418,800,50122.51118326187,-2.3052095787789995e-09,0.6837615966796875,0.0,800,0.005079530202597438,0.6452153231087077,-20.78125
-48.0,-0.0032843449153006077,3.9058335,3.9009695,0.45325469970703125,105.77908301353455,10.45849,26.12866759300232,1.3258733749389648,256.70065808296204,10.453888,0.8610752062672387,34678.94,-38.0,-34.87125,7.082626190192449,34838.918,1.5984385013580322,0.008366137742996216,6.497089612857437,-10.0,-2.0,110.46247601509094,800,50379.21522426605,4.407763931624231e-09,0.6643943786621094,0.0,800,0.0032843493230645393,0.6496015549755327,-20.0625
